county,pop_Population,pop.male_Population,pop.female_Population,households_Population,sq.km_Population,pop.density_Population,household.size_Population,urban.pop_Urban Population,urban.pop.male_Urban Population,urban.pop.female_Urban Population,At.School..Learning.Institution.Number.female_Attendance Status,At.School..Learning.Institution.Number.male_Attendance Status,At.School..Learning.Institution.Number.total_Attendance Status,At.School..Learning.Institution.per.cent.female_Attendance Status,At.School..Learning.Institution.per.cent.male_Attendance Status,At.School..Learning.Institution.per.cent.total_Attendance Status,Dont.know.Number.female_Attendance Status,Dont.know.Number.male_Attendance Status,Dont.know.Number.total_Attendance Status,Dont.know.per.cent.female_Attendance Status,Dont.know.per.cent.male_Attendance Status,Dont.know.per.cent.total_Attendance Status,Left.School..Learning.Institution...After.Completion.Number.female_Attendance Status,Left.School..Learning.Institution...After.Completion.Number.male_Attendance Status,Left.School..Learning.Institution...After.Completion.Number.total_Attendance Status,Left.School..Learning.Institution...After.Completion.per.cent.female_Attendance Status,Left.School..Learning.Institution...After.Completion.per.cent.male_Attendance Status,Left.School..Learning.Institution...After.Completion.per.cent.total_Attendance Status,Left.School..Learning.Institution...Before.Completion.Number.female_Attendance Status,Left.School..Learning.Institution...Before.Completion.Number.male_Attendance Status,Left.School..Learning.Institution...Before.Completion.Number.total_Attendance Status,Left.School..Learning.Institution...Before.per.cent.female_Attendance Status,Left.School..Learning.Institution...Before.per.cent.male_Attendance Status,Left.School..Learning.Institution...Before.per.cent.total_Attendance Status,Never.Been.to.School..Learning...Institution.Number.female_Attendance Status,Never.Been.to.School..Learning...Institution.Number.male_Attendance Status,Never.Been.to.School..Learning...Institution.Number.total_Attendance Status,Never.Been.to.School..Learning...Institution.per.cent.female_Attendance Status,Never.Been.to.School..Learning...Institution.per.cent.male_Attendance Status,Never.Been.to.School..Learning...Institution.per.cent.total_Attendance Status,Not.Stated.Number.female_Attendance Status,Not.Stated.Number.male_Attendance Status,Not.Stated.Number.total_Attendance Status,Total.NO.female_Attendance Status,Total.NO.male_Attendance Status,Total.NO.total_Attendance Status,Adult.Basic.Education.female_Education Achievement Level,Adult.Basic.Education.male_Education Achievement Level,Adult.Basic.Education.total_Education Achievement Level,Don.t.Know.female_Education Achievement Level,Don.t.Know.male_Education Achievement Level,Don.t.Know.total_Education Achievement Level,Madrasa..Duksi.female_Education Achievement Level,Madrasa..Duksi.male_Education Achievement Level,Madrasa..Duksi.total_Education Achievement Level,Middle.Level..Technical.and.Vocational.Training..TVET..female_Education Achievement Level,Middle.Level..Technical.and.Vocational.Training..TVET..male_Education Achievement Level,Middle.Level..Technical.and.Vocational.Training..TVET..total_Education Achievement Level,Not.Stated.female_Education Achievement Level,Not.Stated.male_Education Achievement Level,Not.Stated.total_Education Achievement Level,Pre.Primary.female_Education Achievement Level,Pre.Primary.male_Education Achievement Level,Pre.Primary.total_Education Achievement Level,Primary.female_Education Achievement Level,Primary.male_Education Achievement Level,Primary.total_Education Achievement Level,Secondary.female_Education Achievement Level,Secondary.male_Education Achievement Level,Secondary.total_Education Achievement Level,Total..female_Education Achievement Level,Total..male_Education Achievement Level,Total..total_Education Achievement Level,University.female_Education Achievement Level,University.male_Education Achievement Level,University.total_Education Achievement Level,Conventional.Households_Cooking Fuel,Conventional.Households_Drinking Water,Conventional.Households_Human Waste Disposal,Conventional.Households_Lighting Fuel,Conventional.Households_Solid Waste Disposal,Pond..._Drinking Water,Dam.Lake..._Drinking Water,Stream.River_Drinking Water,Protected.Spring_Drinking Water,Unprotected.Spring_Drinking Water,Protected.Well_Drinking Water,Unprotected..Well_Drinking Water,Borehole..Tube.well_Drinking Water,piped.into..dwelling_Drinking Water,Piped.to.yard..Plot_Drinking Water,Bottled.water_Drinking Water,Rain..Harvested.water_Drinking Water,Water.Vendor_Drinking Water,Public.tap..Standpipe_Drinking Water,Not.Stated_Drinking Water,Not.Stated_Human Waste Disposal,Not.Stated_Lighting Fuel,Mode.of.Human.Waste.Disposal.....Main.Sewer_Human Waste Disposal,Septic.tank_Human Waste Disposal,Pool.Cess_Human Waste Disposal,VIP.Latrine_Human Waste Disposal,Pit.latrine.covered_Human Waste Disposal,Pit.latrine.uncovered_Human Waste Disposal,Bucket_Human Waste Disposal,Open.Bush_Human Waste Disposal,Bio.septic.tank.Biodigester_Human Waste Disposal,Main.Collected.by.County.Government_Solid Waste Disposal,Collected.by.Community.Association..CBOs.Youth.Groups.Faith.based.organizations._Solid Waste Disposal,Collected.by.private.company._Solid Waste Disposal,Dumped.in.the.compound_Solid Waste Disposal,Dumped.in.the.street..Vacant.plot..Drain..Waterways_Solid Waste Disposal,Dumped.in.the.Latrine_Solid Waste Disposal,Burnt.in.open_Solid Waste Disposal,Buried_Solid Waste Disposal,Composit.pit_Solid Waste Disposal,Burnt.in.pit_Solid Waste Disposal,Not.stated_Solid Waste Disposal,Type.of.Cooking.Fuel.......Electricity_Cooking Fuel,Type.of.Cooking.Fuel.......Paraffin_Cooking Fuel,Type.of.Cooking.Fuel.......Gas.LPG.._Cooking Fuel,Type.of.Cooking.Fuel.......Biogas_Cooking Fuel,Type.of.Cooking.Fuel.......Firewood_Cooking Fuel,Type.of.Cooking.Fuel.......Charcoal_Cooking Fuel,Type.of.Cooking.Fuel.......Solar_Cooking Fuel,Type.of.Cooking.Fuel.......Not.Stated_Cooking Fuel,Main.Electricity_Lighting Fuel,Pressure_Lighting Fuel,Paraffun.Lantern_Lighting Fuel,Paraffin.Tin_Lighting Fuel,Gas.Lamp_Lighting Fuel,Wood_Lighting Fuel,Torch.Spotlight.solar.charged_Lighting Fuel,Torch.spot.light.Dry.cells_Lighting Fuel,Battery.Charged_Lighting Fuel,Candle_Lighting Fuel,Battery.Car.Charged._Lighting Fuel,Generator.Diesel.Petrol._Lighting Fuel,Biogas_Lighting Fuel,Total_Disability Type,Visual.Male_Disability Type,Visual.Female_Disability Type,Visual.Total_Disability Type,Hearing.Male_Disability Type,Hearing.Female_Disability Type,Hearing.Total_Disability Type,Mobility.Male_Disability Type,Mobility.Female_Disability Type,Mobility.Total_Disability Type,Cognition.Male_Disability Type,Cognition.Female_Disability Type,Cognition.Total_Disability Type,Self.Care.Male_Disability Type,Self.Care.Female_Disability Type,Self.care.Total_Disability Type,Communication.Male_Disability Type,Communication.Female_Disability Type,Total.population.male_Albinism,Total.Population.Male_Albinism,Total.Population.Female_Albinism,Total._Albinism,Persons.With.Albinism.Male_Albinism,Persons.With.Albinism.Female_Albinism
BARINGO,666763,336322,330428,142518,10985,61,4.67844763468474,75289,36866,38422,123075,130797,253878,40.6,42.6,41.6,3074,3456,6530,1,1.1,1.1,59832,64231,124066,19.8,20.9,20.4,34871,32867,67739,11.5,10.7,11.1,81964,75333,157298,27.1,24.6,25.8,26,18,44,302842,306702,609555,154,179,333,245,278,523,1,,1,3346,3052,6398,,,,22317,24297,46616,70438,74759,145199,24383,25338,49723,123075,130797,253878,2191,2894,5085,141877,141877,141877,141877,141877,2.2,10.4,46.5,1.6,1.9,3.2,1.2,10.1,3.6,9.1,0.3,3.4,3.2,3.4,0,0,0,0.3,2.1,0.1,12.4,45.7,8.3,0.3,30.8,0.1,1.9,0,0.2,7.5,1.4,2.6,55.4,4.2,4,22.9,0,0.4,0.4,4.1,0.3,81.4,13.3,0.1,0,28.3,0.3,6.6,4.8,0.1,18.2,21.9,10.1,8.3,1.1,0.1,0,0,2757,1214,1543,1690,794,896,3805,1732,2073,1854,851,1003,1799,863,936,1217,639,577,662760,333819,328929,76,44,32
BOMET,875689,434287,441379,187641,2507,349,4.66683187576276,27971,14168,13802,194390,205930,400330,47.5,51.4,49.4,3158,3572,6730,0.8,0.9,0.8,80911,88746,169658,19.8,22.1,20.9,88369,72327,160702,21.6,18.1,19.8,42545,30078,72627,10.4,7.5,9,34,41,75,409407,400694,810122,94,107,201,263,336,599,1,1,2,6141,5865,12007,,,,30882,33347,64231,114729,120121,234857,38585,40515,79100,194390,205930,400330,3695,5638,9333,187230,187230,187230,187230,187230,7.7,4.2,40.1,5.8,5.4,2.4,1.8,2,5,5.7,0.3,13.8,1.5,4.3,0,0,0,0.3,1.2,0.1,6.7,77.5,13,0.2,1,0.1,2.1,0.1,2.5,2.2,0.2,2.8,44.8,1.9,5.7,37.8,0,0.3,0.8,5.9,0.2,88.4,4.1,0.2,0,22.1,0.2,4.9,3.2,0.1,0.8,33.5,30.1,2.7,0.8,1.5,0,0,2334,1070,1264,1610,799,811,3931,1645,2285,1962,1005,957,2007,1005,1002,1551,885,666,873023,432591,440410,88,49,39
BUNGOMA,1670570,812146,858389,358796,3024,552,4.65604410305578,190112,91911,98195,386512,396144,782677,48.7,53.1,50.9,7473,8198,15673,0.9,1.1,1,130817,133462,264282,16.5,17.9,17.2,183372,140682,324058,23.1,18.9,21.1,84612,67323,151938,10.7,9,9.9,65,74,139,792851,745883,1538767,384,421,805,639,895,1534,5,6,11,8869,8172,17041,,,,68729,71721,140454,227130,234479,461621,75823,72938,148766,386512,396144,782677,4933,7512,12445,357714,357714,357714,357714,357714,0.8,0.2,9.2,38.3,4.8,15.7,2.7,11.6,3.7,4.8,0.2,0.5,1.7,5.7,0,0,0,1,2.8,0.2,10.9,68.6,14.7,0.5,1.4,0.1,1.5,0.1,0.5,12.3,1.5,4.3,13.3,4.1,57.9,4.6,0,0.4,2.6,7.2,0.4,78.3,11,0.2,0,21.6,0.4,11.4,18.5,0.2,0.9,36.4,8.2,0.6,1.1,0.7,0,0,10585,4592,5993,5457,2491,2966,10582,4393,6189,6203,2652,3549,3575,1759,1816,3784,2120,1664,1663898,808115,855749,481,212,269
BUSIA,893681,426252,467401,198152,1700,526,4.51007812184586,113753,54963,58790,202061,202993,405072,46.8,52.2,49.4,2521,2991,5512,0.6,0.8,0.7,66760,70030,136790,15.5,18,16.7,96713,73630,170347,22.4,18.9,20.8,63919,39069,102993,14.8,10,12.5,39,35,74,432013,388748,820788,191,245,436,239,356,595,3,6,9,3571,3470,7042,,,,37252,38083,75339,122134,121425,243572,36710,36562,73272,202061,202993,405072,1961,2846,4807,33152,33152,197944,197944,197944,0.6,0.7,17.2,19.8,2.1,21.2,1.1,19.4,3.2,4.5,0.8,0.3,2,7,0,0,0,0.6,2.2,0.2,11.1,68,14.9,0.4,2.5,0.1,2,0.2,0.6,10.3,3,4,18.3,5.2,47.8,8.7,0,1,2.2,10.6,0.5,55.7,29.7,0.3,0,26.1,0.3,8.7,18.3,0.1,0.4,37.9,5.9,0.5,1.4,0.3,0,0,7290,3031,4259,3806,1609,2197,8463,3157,5306,4716,1886,2830,2608,1200,1408,2506,1338,1168,886856,421657,465171,314,143,171
ELGEYO/MARAKWET,454480,227317,227151,99861,3032,150,4.55112606523067,20579,9973,10603,100663,103310,203979,48,49.4,48.7,1751,1789,3541,0.8,0.9,0.8,44886,48510,93397,21.4,23.2,22.3,33847,31890,65739,16.1,15.2,15.7,28423,23622,52047,13.6,11.3,12.4,32,30,62,209602,209151,418765,95,128,223,157,189,346,,1,1,2583,2327,4910,,,,18662,19750,38412,57573,59473,117050,19866,19447,39314,100663,103310,203979,1727,1995,3723,99119,99119,99119,99119,99119,0.8,0.4,48.8,2.7,2.9,10.6,3.6,5.1,5.6,13,0.2,1,0.3,4.9,0,0,0,0.3,1.1,0,8.8,57.7,24.9,0.3,6.8,0,1.7,0,0.1,6.3,0.2,4,55.7,1.7,6.5,23.7,0,0.5,0.4,3.1,0.2,87.1,8.5,0.2,0,24.3,0.3,4.5,3.9,0.1,9.9,25.7,23.7,6.2,1.1,0.2,0,,1459,663,796,934,469,465,2050,974,1076,973,445,528,980,486,494,655,372,283,,,,,,
EMBU,608599,304208,304367,182743,2821,216,3.33035465106735,75924,37082,38833,101251,104132,205389,35.5,36.8,36.1,874,1530,2404,0.3,0.5,0.4,89746,90744,180500,31.5,32.1,31.8,63552,67774,131329,22.3,23.9,23.1,29730,18822,48555,10.4,6.7,8.5,29,22,51,285182,283024,568228,103,98,201,148,195,343,6,6,12,3604,3071,6675,,,,14819,15308,30130,55766,59371,115139,24365,23031,47397,101251,104132,205389,2440,3052,5492,182427,182427,182427,182427,182427,0.7,3,20.1,0.5,0.9,3,3,5.5,20.7,28.6,0.2,1.3,4.5,8.1,0,0,0,2.2,7.2,0.3,14.5,66.2,8.6,0.3,0.7,0,4.4,1.3,2.3,11.4,0.8,3.9,28.6,2,24.1,21.1,0,0.4,4,18.4,0.4,70.3,6.2,0.2,0,47,0.4,8,11.8,0.1,0.4,21.1,2.8,6.6,1.5,0.3,0,0,9130,3321,5809,3866,1588,2277,10030,3514,6515,7043,2884,4158,3429,1675,1754,2523,1387,1135,604769,301491,303254,215,97,118
GARISSA,841353,458975,382344,141394,44753,19,5.95041515198665,210890,109552,101331,55497,77489,132990,15.7,18.2,17.1,11913,15564,27479,3.4,3.7,3.5,7744,15400,23144,2.2,3.6,3,4198,5309,9508,1.2,1.2,1.2,273149,311556,584730,77.5,73.2,75.2,62,93,155,352563,425411,778006,276,409,685,380,549,929,6250,7492,13742,1267,2202,3469,1,,1,6354,6758,13112,30643,40569,71214,9825,18172,27998,55497,77489,132990,501,1338,1840,29790,29790,138940,138940,138940,2.3,4.4,17.2,0.7,0.2,1.9,1,5.4,9.8,28.1,0.6,0.5,9.6,18.3,0.1,0,0,5.2,4.9,0.7,3.6,29.7,16.7,2.9,36.2,0.2,6.1,1,3.5,8.1,1.6,10,45.6,11.4,5.3,7.3,0,12.5,0.6,5.1,0.6,23.5,57.5,0.2,0.1,23.5,0.2,0.7,1.5,2.8,11.9,12.7,10.9,32.1,1.4,0.2,2,0.1,1285,666,619,1289,676,613,2015,1078,937,1682,944,737,1909,1036,873,1033,571,462,835482,454437,381012,514,259,255
HOMA BAY,1131950,539560,592367,262036,3153,359,4.31982628341144,113079,53569,59506,264796,274952,539753,48.5,55.9,52,3174,3451,6627,0.6,0.7,0.6,97920,98363,196288,17.9,20,18.9,120311,79996,200313,22,16.3,19.3,59526,34878,94406,10.9,7.1,9.1,41,40,81,545768,491680,1037468,228,202,430,344,423,767,6,1,7,5523,5763,11286,,,,58569,60626,119196,149584,151200,300787,47377,50766,98144,264796,274952,539753,3165,5971,9136,28471,28471,260290,260290,260290,3,5.5,11.7,2.3,1.1,5.2,1.8,10.9,3.8,9.7,1.8,17.4,12.7,13.1,0,0,0,1.1,1.2,0.1,10.1,62,14.7,0.6,10.2,0,1.2,0.1,0.5,11.7,1.5,6.4,37.3,4.8,21.3,15.2,0,0.8,2.1,16.7,0.5,49.3,30.4,0.1,0,18.4,0.3,6.9,14.4,0.2,0.6,52.5,3.2,0.4,1.2,2,0,0,16852,6547,10305,8388,3522,4865,17523,6009,11514,10329,3682,6647,4783,2014,2769,3708,1933,1775,1125823,536085,589717,375,169,206
ISIOLO,268002,139510,128483,58072,25349,11,4.61499517839923,125669,63075,62589,38920,40960,79881,33.2,32,32.5,597,886,1483,0.5,0.7,0.6,14994,19823,34817,12.8,15.5,14.2,6886,7599,14485,5.9,5.9,5.9,55904,58852,114759,47.7,45.9,46.8,16,21,37,117317,128141,245462,41,45,86,46,61,107,380,577,957,824,801,1625,,,,8266,8576,16843,23154,23387,46541,5778,6792,12570,38920,40960,79881,431,721,1152,53217,53217,53217,53217,53217,0.6,3.1,17.7,1.2,1.9,3.9,8.5,12,6,27.2,0.7,0.5,3.9,12.7,0,0,0,4,3.1,0.4,17.7,36.8,6.7,0.6,30.6,0.1,4.7,1.4,6.3,4.1,1.2,5.4,42.6,6,4.2,24.1,0,1.2,1.1,12.6,0.5,60.5,23.9,0.3,0,40.6,0.3,3.8,3.7,1.2,6.7,9.1,9,24.6,0.7,0.2,0.1,0,1040,402,638,566,265,301,980,446,534,509,248,261,498,234,264,358,200,158,267997,139510,128483,20,11,9
KAJIADO,1117840,557098,560704,316179,21871,51,3.53546566976301,622622,306865,315734,193153,195925,389090,37.7,38.9,38.3,5824,7321,13146,1.1,1.5,1.3,155610,164069,319689,30.4,32.6,31.5,57359,54115,111477,11.2,10.7,11,99870,82454,182329,19.5,16.4,17.9,188,139,327,512004,504023,1016058,235,207,442,589,673,1262,21,18,39,7783,7068,14852,,1,1,40758,42084,82844,104184,104769,208959,32530,32507,65039,193153,195925,389090,7053,8598,15652,313218,313218,313218,313218,313218,0.5,2.9,5.2,2,0.8,2,0.8,22.3,7.9,10.1,11.9,1.6,23.3,8.6,0,0,0,2.8,21.3,0.4,14,41.2,5.5,0.6,13.6,0.4,9.4,2.4,26.2,2.8,0.8,3.9,26.2,2.5,5.3,20.5,0,1.2,12.7,47.2,0.7,29,9.1,0.2,0,67.4,0.3,3.9,5,0.1,1,15.5,3.6,1.4,1.7,0.1,0,0,4009,1702,2306,1706,806,900,3571,1549,2022,1764,818,946,1658,786,872,1663,905,758,1107296,550146,557118,115,57,58
KAKAMEGA,1867579,897133,970406,433207,3017,619,4.31105453051313,185340,90451,94880,424667,428344,853031,47,51.7,49.2,5583,6139,11722,0.6,0.7,0.7,171796,162596,334397,19,19.6,19.3,195111,157153,352269,21.6,19,20.3,105797,74543,180344,11.7,9,10.4,212,170,382,903166,828945,1732145,397,472,869,617,807,1425,4,8,12,8458,8038,16498,,,,74517,78499,153022,256374,259308,515692,78379,72772,151152,424667,428345,853032,5921,8441,14362,432284,432284,432284,432284,432284,0.9,0.3,18.3,34.6,5.1,16.1,2,10.1,3.1,3.7,0.2,0.7,1,3.8,0,0,0,0.8,2.4,0.1,12.3,73.4,9.5,0.4,1.1,0,0.8,0.1,0.6,10.3,1.8,3.9,10.3,3.9,64.2,4.1,0,0.5,2.4,7.4,0.3,80.8,8.2,0.3,0,25.1,0.3,8.8,20.5,0.1,0.4,36.7,6.2,0.3,0.8,0.6,0,0,17706,7274,10431,8507,3627,4879,19273,7355,11917,11357,4416,6940,5752,2686,3065,5826,3094,2732,1861332,893121,968174,568,254,314
KERICHO,901777,450741,451008,206036,2436,370,4.37679337591489,93538,48024,45508,189513,197586,387109,45.3,47.5,46.4,1913,2323,4236,0.5,0.6,0.5,96187,105284,201479,23,25.3,24.2,91489,80978,172473,21.9,19.5,20.7,39089,29453,68545,9.3,7.1,8.2,109,110,219,418300,415734,834061,124,124,248,195,243,438,,2,2,6000,5363,11364,,,,30432,32027,62460,108359,113482,221847,39928,40385,80315,189513,197586,387109,4475,5960,10435,205932,205932,205932,205932,205932,0.8,0.9,42.3,7.4,5,6.2,2,4,9.1,10.1,0.2,3.9,2.1,5.8,0,0,0,1.7,2.6,0.1,10,69.8,13.7,0.4,1.5,0.1,7.4,0.2,3.3,4.2,1,5.8,39.7,3.1,8.4,27,0,0.7,1.4,9.5,0.3,79,8.9,0.1,0,44.9,0.2,5.9,6.3,0.1,0.3,20.9,17.8,1.5,1.4,0.5,0,0,2300,1053,1247,1433,705,728,3722,1596,2125,1861,882,979,1865,908,957,1467,836,631,896863,447468,449367,59,28,31
KIAMBU,2417735,1187146,1230454,795241,2539,952,3.04025446374118,1706285,831589,874588,389788,388770,778586,34.2,35.6,34.9,5783,7274,13057,0.5,0.7,0.6,508948,504910,1013910,44.7,46.2,45.4,175810,151002,326845,15.4,13.8,14.6,58423,40162,98594,5.1,3.7,4.4,260,262,522,1139012,1092380,2231514,239,142,381,831,1074,1906,9,4,13,23022,18688,41712,,,,69047,71128,140181,189120,190560,379694,84922,80388,165313,389789,388769,778586,22599,26785,49386,792333,792333,792333,792333,792333,0.2,0.3,4.2,0.6,0.2,8.9,0.3,10.3,22.8,30.2,3.6,1.6,8.8,8,0,0,0,9.1,24.9,0.5,15.3,45.9,3.3,0.3,0.1,0.5,10.1,4.6,26,4.1,1.5,1.8,24.8,0.9,9,17.1,0,0.8,11.1,58.1,0.7,22.3,7.1,0,0,91.7,0.2,2.6,2.2,0,0,1.2,0.3,0.2,1.5,0.1,0,0,16320,6370,9947,4964,2263,2700,19574,6917,12654,9363,4118,5243,6842,3032,3808,5186,2821,2364,2402834,1178685,1224022,284,129,155
KILIFI,1453787,704089,749673,298472,12553,116,4.87076509689351,393888,191324,202558,296841,308926,605776,43.2,48.5,45.8,4420,5214,9634,0.6,0.8,0.7,128273,154263,282538,18.7,24.2,21.3,89122,86075,175199,13,13.5,13.2,167972,82303,250280,24.5,12.9,18.9,126,110,237,686754,636891,1323664,417,426,843,505,530,1035,214,241,455,4624,3913,8537,,,,64991,67709,132702,184545,189306,373857,39382,43798,83181,296841,308926,605776,2163,3003,5166,297990,297990,297990,297990,297990,6,6.8,2.6,0.8,0.6,4.4,3.5,4,10.2,13.2,2,0.4,9.6,36,0,0,0,2.4,18.7,0.6,10.1,40.1,9.2,1.8,17,0.1,6.2,2.8,3.9,11.5,1.9,4.7,34.8,2.7,12,19.4,0,0.7,7.4,11.1,0.5,58.2,21.9,0.1,0,38.5,0.6,6.1,26.7,0.1,1.3,20,2.4,2.9,1.2,0.2,0,0,6353,2686,3667,3569,1520,2049,7746,3316,4430,4075,1823,2252,3647,1752,1895,3274,1735,1539,1440958,695879,745059,265,122,143
KIRINYAGA,610411,302011,308369,204188,1478,413,2.98945579563931,136224,64925,71286,94852,98661,193518,32.7,35,33.9,1675,2256,3931,0.6,0.8,0.7,98822,100582,199413,34.1,35.7,34.9,69497,67459,136968,24,24,24,24867,12577,37445,8.6,4.5,6.6,16,21,37,289729,281556,571312,86,64,150,186,238,424,1,4,5,3226,3136,6362,,,,16207,16523,32731,49804,51794,101601,22833,23521,46354,94852,98661,193518,2509,3381,5891,203576,203576,203576,203576,203576,0.1,0.1,27.8,1.4,1,7.4,1.3,3.7,17.2,30,1,1.3,1.9,5.9,0,0,0,0.7,8.4,0.2,17.9,68.5,3.9,0.2,0.2,0,7.2,1.3,3,10.1,1.6,2.2,24.2,1.7,29.7,19,0,0.3,5.5,23.8,0.4,65.4,4.4,0,0,65.3,0.4,9.3,12.5,0,0.1,8.5,1.2,0.9,1.5,0.3,0,0,6219,2201,4018,2292,933,1359,9275,3019,6254,4967,2009,2958,3016,1360,1655,2019,1058,960,605630,298845,306757,96,39,57
KISII,1266860,605784,661038,308054,1323,957,4.11246080232686,151410,73924,77478,274662,282802,557477,44.5,50.4,47.3,2995,3097,6092,0.5,0.6,0.5,123540,127184,250730,20,22.7,21.3,144048,104190,248244,23.3,18.6,21.1,72471,43902,116381,11.7,7.8,9.9,77,66,143,617793,561241,1179067,313,314,627,311,381,692,6,9,15,6141,5578,11720,,,,51329,53060,104389,152552,156435,308995,59268,59803,119074,274662,282802,557477,4742,7222,11965,307254,307254,307254,307254,307254,0.3,0.2,38.6,40.5,7.5,3,0.9,1.1,1,1.1,0.6,3.8,0.5,1,0,0,0,1.9,2.1,0.3,11,59.6,23.7,0.5,0.9,0,5.2,0.3,0.6,15.9,2.3,4.5,31.5,8.4,23.3,7.9,0,0.8,2.2,13.5,0.5,77.8,5.1,0.2,0,39.3,0.4,13.6,20.1,0.1,0.7,20.5,3.1,0.4,1.2,0.4,0,0,13580,5711,7869,5663,2397,3265,16175,5968,10206,9636,3510,6125,5815,2622,3192,3975,2104,1870,1260509,602031,658441,425,194,230
KISUMU,1155574,560942,594609,300745,2085,554,3.84237144424679,440906,216221,224670,251209,253600,504812,45.7,49.6,47.6,3290,3831,7121,0.6,0.7,0.7,139457,144815,284283,25.4,28.3,26.8,108379,80326,188709,19.7,15.7,17.8,46977,29019,75998,8.5,5.7,7.2,153,148,301,549465,511739,1061224,165,184,349,340,383,723,3,7,10,8624,7820,16444,,,,46937,48333,95270,138492,139309,277804,49183,47712,96895,251209,253600,504812,7465,9852,17317,296846,296846,296846,296846,296846,0.9,1.8,14.9,2.3,1,8.3,1,11.4,8.3,10.9,0.9,8.7,7.6,22.1,0,0,0,4.8,6.1,0.2,8.7,65.4,10.5,0.5,3.6,0.1,2.5,2.5,5,6.2,1.5,5.4,39.7,2.7,18.5,15.9,0,0.9,7.8,18.7,0.6,49.6,22.2,0.2,0,52.6,0.3,5.2,12.5,0.1,0.2,26.2,1.6,0.2,1.1,0.1,0,0,17606,6874,10732,7291,3004,4287,16196,5730,10466,8190,3151,5039,4288,1840,2448,3409,1813,1596,1144777,553465,591289,298,125,173
KITUI,1136187,549003,587151,262942,30430,37,4.32105559400933,54019,26060,27958,240536,250178,490726,43.8,49.2,46.4,5364,6431,11795,1,1.3,1.1,137968,127266,265238,25.1,25,25.1,79419,72606,152030,14.5,14.3,14.4,85259,51705,136969,15.5,10.2,13,88,61,149,548634,508247,1056907,242,285,527,762,964,1726,13,13,26,4633,4666,9299,1,,1,36056,38155,74212,149286,157004,306299,46519,45045,91565,240536,250178,490726,3024,4046,7071,261814,261814,261814,261814,261814,0.7,5.5,42.3,0.9,0.8,6.7,6.2,13.2,2.8,2.3,0.9,2.4,5.9,9.3,0,0,0,0.5,2.8,0.1,13,62,12,0.3,9.2,0.1,3.8,0.1,0.3,13,1.3,6.1,38.3,3.1,11.3,22.8,0,0.2,2.7,6.7,0.3,81.3,8.6,0.2,0,17.1,0.5,13.8,9.4,0.2,1.9,37.3,6.7,11.7,0.9,0.3,0,0,9528,3926,5602,5073,2166,2907,12028,4539,7489,5844,2624,3220,4233,2066,2167,3989,2203,1785,1130134,545080,585022,296,124,172
KWALE,866820,425121,441681,173176,8254,105,5.00542800388045,126431,62395,64031,162911,171696,334612,40.7,44.9,42.7,2310,3108,5418,0.6,0.8,0.7,69162,83012,152178,17.3,21.7,19.4,49457,49352,98811,12.3,12.9,12.6,116716,75281,192001,29.1,19.7,24.5,80,89,169,400636,382538,783189,170,185,355,234,278,512,170,185,355,2224,1883,4107,,,,40285,42535,82822,101747,106020,207769,17340,19415,36756,162911,171696,334612,741,1195,1936,172802,172802,172802,172802,172802,17.2,10.4,3.2,1.3,1.7,10.3,8.3,12.7,4.3,5.5,2.1,1.7,2.9,18.3,0,0,0,0.9,8.8,0.5,8.7,38.2,9.8,1.2,31.7,0.1,5.2,1.1,1.2,20.9,2,4.4,33.2,2.7,12.4,16.7,0,0.5,5,8.6,0.4,69.7,15.5,0.2,0,31.5,0.5,6,29.5,0.2,1.7,22.8,2.7,3.9,0.9,0.2,0,0,3623,1673,1950,2328,1087,1241,4744,2091,2653,2657,1191,1466,2304,1150,1154,2062,1135,927,858748,420556,438176,171,79,92
LAIKIPIA,518560,259440,259102,149271,9508,55,3.4739500639776,127360,63163,64193,89858,94751,184613,37.6,40,38.8,1314,1731,3045,0.5,0.7,0.6,73979,78392,152372,30.9,33.1,32,30981,28229,59213,13,11.9,12.4,42891,33580,76475,17.9,14.2,16.1,19,19,38,239042,236702,475756,102,70,172,139,208,347,2,3,5,1989,1879,3868,,,,16560,17510,34072,49787,52306,102094,19124,20082,39207,89858,94751,184613,2155,2693,4848,145776,145776,145776,145776,145776,0.8,5.7,20.8,1.2,1.7,8.7,2.7,10.3,12.5,19.7,0.4,5.8,3,6.5,0,0,0,8.9,5.2,0.1,12,55.8,8.3,0.2,9.4,0.1,15.4,0.1,0.6,8.1,0.7,3.6,33.5,3,9.9,25.1,0,0.4,2.3,21.2,0.3,58,17.7,0.1,0,42.2,0.3,8.4,9.1,0.1,3.8,26.4,5.3,2.3,1.2,0.7,0.2,0,2762,1139,1623,1139,533,606,3663,1394,2269,2076,960,1116,1434,709,725,1112,635,477,513879,255998,257869,44,21,23
LAMU,143920,76103,67813,37963,6283,23,3.7910597160393,38446,19533,18911,24278,25969,50249,39.2,37.6,38.4,314,472,786,0.5,0.7,0.6,11899,18933,30833,19.2,27.4,23.5,10932,11830,22762,17.7,17.1,17.4,14437,11888,26325,23.3,17.2,20.1,17,19,36,61877,69111,130991,21,24,45,42,38,80,197,264,461,309,310,619,,,,5081,5389,10470,14943,15566,30511,3499,4101,7600,24278,25969,50249,186,277,463,34231,34231,34231,34231,34231,4.2,1.8,1.1,1.4,0.5,17.3,16.6,7,8.4,3.7,2.5,10.2,7,18.3,0,0,0,2.1,9.4,0.7,11.5,42.8,14,1.4,17.9,0.1,3.8,2,1.3,16,6.4,4.5,38.9,3.3,9.7,14,0,0.7,1.6,9,0.5,60.6,27.3,0.3,0,43.2,0.2,3.6,7.2,0.1,1.4,28.3,5.8,8.3,1.4,0.2,0.2,0,866,418,448,395,185,210,931,384,547,622,278,344,427,210,217,330,180,150,141909,74669,67237,17,8,9
MACHAKOS,1421932,710707,711191,402466,6037,236,3.53304875442895,414078,206460,207609,246686,258981,505677,37.1,39.1,38.1,5440,6197,11638,0.8,0.9,0.9,256474,262961,519446,38.6,39.7,39.1,104232,99048,203283,15.7,15,15.3,52234,34692,86929,7.9,5.2,6.5,96,103,199,665162,661982,1327172,227,235,462,547,738,1285,2,5,7,7368,7623,14991,,,,38650,40849,79502,139044,148270,287319,54070,52995,107067,246686,258981,505677,6778,8266,15044,50753,50753,399523,399523,399523,0.7,2.1,5.4,3.3,7,8.5,3.5,24.1,4.5,5.6,8.4,6.5,13.3,7,0,0,0,5.7,12.6,0.3,14.9,54.8,10.1,0.3,0.9,0.5,7.4,1.6,9.7,7.4,2.4,3.8,23.1,1.6,27.2,15.8,0,0.7,11.6,33.5,0.8,42.1,11.3,0,0,48.3,0.6,11.6,7.7,0.1,0.2,25.6,2.9,0.9,1.8,0.3,0,0,11121,4487,6634,4987,2088,2899,14236,5293,8942,7354,3232,4121,5034,2326,2707,4023,2200,1823,1414022,705673,708318,287,129,158
MAKUENI,987653,489691,497942,244669,8177,121,4.03669038578651,77076,39209,37867,192669,202949,395627,41.2,44.7,42.9,5700,6657,12357,1.2,1.5,1.3,140265,135938,276206,30,29.9,30,83969,81353,165325,18,17.9,17.9,44519,26987,71509,9.5,5.9,7.8,82,62,144,467204,453946,921168,144,125,269,387,466,853,3,20,23,4233,4185,8419,,,,25608,27300,52909,113518,121515,235037,45738,44836,90576,192669,202949,395627,3038,4502,7541,34352,34352,243979,243979,243979,1.2,2.6,35.4,0.9,4,5.3,7.6,13.4,2.6,2.6,4.7,8.9,6.7,4.2,0,0,0,0.4,2.4,0.1,15.2,67.1,13.4,0.2,1.2,0.1,4,0.1,0.3,13,0.4,5,28.6,1.8,23,23.9,0,0.2,7.1,16.6,0.3,66.4,9.4,0.1,0,20.4,0.7,16,10,0.1,0.3,44,4.2,2.9,1,0.4,0,0,13399,5250,8149,6370,2595,3775,16632,5927,10705,9245,3700,5544,5378,2422,2955,4185,2298,1886,977015,481967,495030,296,132,164
MANDERA,867457,434976,432444,125763,25942,33,6.89755333444654,270467,135548,134909,77980,90664,168647,20.3,23.2,21.8,10902,10871,21776,2.8,2.8,2.8,7279,14204,21483,1.9,3.6,2.8,3104,4118,7222,0.8,1.1,0.9,284543,271252,555819,74.1,69.3,71.7,65,73,138,383873,391182,775085,268,307,575,380,354,734,4403,4423,8826,1043,2111,3154,,1,1,10437,9454,19891,49264,54328,103594,11907,18779,30687,77980,90664,168647,278,907,1185,123954,123954,123954,123954,123954,12.6,22.6,7.7,0.6,0.3,6.8,4.1,21.3,1.1,2.3,0.4,0.9,16.7,2.6,0,0,0,1.2,2,0.3,2.8,28.3,23.4,2.4,39.4,0.1,9.1,0.3,0.4,5.5,1.5,7.5,58.1,8.7,2.9,5.9,0,1.9,0.3,0.4,0.4,86,10.4,0.5,0,15.7,0.2,0.5,1,2.6,26.8,9.9,8.2,34.1,0.8,0.1,0,0,1736,894,842,1696,855,841,2526,1282,1243,2187,1117,1069,2404,1219,1184,1486,770,715,862079,431285,430758,162,89,73
MARSABIT,459785,243548,216219,77495,70944,6,5.93309245757791,107239,54790,52447,52492,55636,108132,27,25.9,26.4,1559,1773,3335,0.8,0.8,0.8,9711,16016,25727,5,7.4,6.3,5334,7160,12494,2.7,3.3,3.1,125190,134525,259725,64.4,62.5,63.4,106,110,216,194392,215220,409629,76,95,171,76,112,188,317,314,631,990,1239,2229,,,,10067,10004,20071,33263,33476,66742,7128,9281,16410,52492,55636,108132,575,1115,1690,76689,76689,76689,76689,76689,1.2,15.7,1.7,1.4,0.9,9.1,18,23.2,0.7,1.2,0.6,2.9,16,7.3,0.1,0.1,0.1,0.1,0.7,0.1,5.1,37,9.3,0.4,47.4,0,5.2,0,0.4,10.4,1.8,5,46.3,7.8,3.9,19,0.1,0.6,1.1,4.6,0.4,84.8,8.3,0.3,0.1,21.3,0.2,2.7,2.8,1.6,14.2,15.1,12.6,28.4,0.9,0.1,0,0.1,1137,516,621,725,336,389,1216,582,634,621,303,318,619,299,320,451,230,221,447150,234237,212896,29,13,16
MERU,1545714,767698,777975,426360,7014,220,3.62537292428933,138918,68166,70747,277259,277202,554475,38.2,39,38.6,5511,8488,13999,0.8,1.2,1,180414,179720,360142,24.9,25.3,25.1,147834,153600,301441,20.4,21.6,21,113943,92010,205961,15.7,12.9,14.3,178,204,382,725139,711224,1436400,327,344,672,664,714,1378,5,4,9,6956,5969,12925,,,,47061,49445,96507,160555,163464,324028,57232,51059,108293,277259,277202,554475,4459,6203,10663,423931,423931,423931,423931,423931,0.3,0.2,21.5,2.4,1.9,2,1.4,7.5,17.9,24.6,0.8,1.4,11,6.8,0,0,0,0.7,5.2,0.2,21.3,62.3,8.5,0.3,1.4,0.1,4.6,0.2,0.6,13.4,0.7,5.2,27.8,2.7,28.1,16.7,0,0.5,2.2,12.6,0.5,74.3,9.8,0.1,0,40.2,0.5,11,13.9,0.2,1.5,18.8,3.6,8.3,1.5,0.5,0,0,19508,7488,12019,9273,4108,5165,19289,7567,11722,14135,6456,7678,7577,4004,3573,4843,2766,2077,1535635,760915,774683,563,260,303
MIGORI,1116436,536187,580214,240168,2613,427,4.64856267279571,167200,80300,86896,257326,265417,522757,48.6,54.6,51.4,4849,4923,9774,0.9,1,1,83455,88443,171900,15.7,18.2,16.9,115706,81365,197075,21.8,16.7,19.4,68559,46115,114682,12.9,9.5,11.3,117,94,211,530012,486357,1016399,240,262,503,295,416,711,15,9,24,4708,4723,9432,,1,1,57234,58670,115908,150612,151180,301799,41168,44734,85903,257326,265417,522757,3054,5422,8476,238133,238133,238133,238133,238133,2.4,7.3,31.2,9.5,6.6,11.1,4.4,8.1,1.2,1.5,1.3,10.4,2,3,0,0,0,0.5,1.7,0.2,10.3,62.2,15,0.6,9.4,0.1,1.8,0.2,0.9,10,3.3,6.1,30.6,4.9,26.7,15.5,0,0.6,1.3,6.8,0.5,71.3,19.2,0.3,0,23.3,0.3,9,17.3,0.2,0.8,41.3,3.6,0.7,2,1.5,0,0,11141,4648,6492,6065,2613,3452,11064,4154,6909,6372,2476,3896,3519,1482,2036,3177,1627,1550,1108950,532162,576756,242,96,146
MOMBASA,1208333,610257,598046,378422,220,5495,3.19308338310141,1208333,610257,598046,188930,189490,378423,34.5,34.3,34.4,3772,5043,8817,0.7,0.9,0.8,214424,243173,457603,39.2,44,41.6,79596,74382,153982,14.5,13.5,14,60843,40253,101097,11.1,7.3,9.2,116,135,251,547681,552476,1100173,256,250,506,453,500,953,1099,1048,2147,8604,7808,16412,,,,42211,42759,84970,98999,97844,196845,32205,32911,65116,188930,189490,378423,5103,6370,11474,376295,376295,376295,376295,376295,0.1,0.2,0.1,1.2,0.1,4.6,0.4,5.2,7.2,5.2,11.4,0.3,43.5,20.5,0,0,0,16.6,31.2,1.1,11.1,30.8,5.5,2.4,0.9,0.3,5.6,36.7,19.5,3.9,5.2,2.6,16.1,0.6,4.9,4.9,0,1.4,32.1,37.6,1.1,4.7,23.2,0,0,85.9,0.5,2.7,6.3,0.1,0,1.5,0.4,0.3,2.2,0.1,0,0,5600,2338,3262,2116,1019,1097,5202,2235,2967,2693,1245,1447,2201,1092,1109,2211,1223,988,1190987,598314,592656,209,102,107
MURANG'A,1056640,523940,532669,318105,2523,419,3.32167051759639,118427,56878,61548,174580,184250,358844,35,37.7,36.3,1814,2319,4133,0.4,0.5,0.4,176382,182572,358964,35.3,37.4,36.3,100619,93190,193814,20.1,19.1,19.6,46040,26285,72326,9.2,5.4,7.3,70,73,143,499505,488689,988224,99,88,187,263,387,651,12,6,18,4669,4772,9442,,,,27117,27893,55015,97500,102525,200030,41687,43829,85518,174580,184250,358844,3233,4750,7983,317496,317496,317496,317496,317496,0.5,0.4,25.1,1.6,1.6,7.9,2.2,6.2,16.7,20.7,0.4,7.6,4.1,5,0,0,0,2.3,4.5,0.1,15.8,71.4,5.4,0.1,0.2,0.1,3.9,0.4,1.8,16.6,0.6,2.9,30.4,2.4,23.3,17.8,0,0.4,4.7,17,0.4,74.8,2.6,0,0,60.5,0.5,12.5,14.3,0.1,0.1,9.2,1.2,0.5,0.9,0.2,0,0,10411,3892,6518,4402,1858,2544,18630,6206,12424,8336,3558,4778,5822,2652,3170,3664,1994,1669,1053059,521518,531510,168,62,106
NAIROBI CITY,4397073,2192452,2204376,1506888,704,6247,2.91798262379155,4397073,2192452,2204376,687064,671188,1358304,34,33.8,33.9,16211,19514,35729,0.8,1,0.9,937410,984163,1921640,46.3,49.5,47.9,277670,228088,505807,13.7,11.5,12.6,104255,83093,187364,5.2,4.2,4.7,794,806,1603,2023404,1986852,4010447,604,449,1053,1879,2186,4066,1985,1859,3844,41590,37429,79022,,1,1,130960,132823,263792,327240,317016,644279,137325,125968,263299,687064,671188,1358304,45481,53457,98948,1494676,1494676,1494676,1494676,1494676,0,0.1,0,0.5,0,0.5,0,4.3,22.7,28.4,8.6,0.3,15.4,18.9,0.1,0.1,0.1,54.3,18.1,0.6,6.3,16.8,2.1,1.3,0.1,0.3,12.9,37.9,30,1.6,7.8,0.9,4.5,0.1,2.2,2,0.1,2.3,26.5,67.2,0.6,0.7,2.7,0,0.1,96.5,0.1,0.8,0.8,0,0,0.2,0.1,0.1,1.3,0,0,0,,,,,,,,,,,,,,,,,,,,,,,,
NAKURU,2162202,1077272,1084835,616046,7505,288,3.50980608590917,1047080,517633,529377,413397,429850,843280,41.4,43.7,42.6,7058,9390,16450,0.7,1,0.8,322148,330145,652319,32.3,33.6,32.9,171948,150063,322032,17.2,15.3,16.3,83897,63298,147198,8.4,6.4,7.4,155,164,319,998603,982910,1981598,238,191,429,603,773,1376,7,9,16,13049,11283,24332,,,,74569,78693,153266,227621,236584,464226,87487,88992,176486,413397,429850,843280,9823,13325,23149,598237,598237,598237,598237,598237,0.3,1.3,12,1.4,1.6,6.7,1,10.4,9.4,18.1,3.6,13.4,12.3,8.6,0,0,0,7.7,10.1,0.2,17.8,53.2,9.4,0.5,0.8,0.1,11.5,4.3,13.8,7.5,1.7,3.1,30.4,1.9,7.7,18.1,0,0.6,5.4,30,0.4,39.6,23.9,0.1,0,64.4,0.2,5.8,4.4,0.1,0.4,14.5,6.5,1.2,1.8,0.7,0,0,12425,5064,7359,4256,1997,2258,14270,5474,8795,6947,2994,3950,5110,2415,2695,4078,2288,1789,2142667,1064095,1078483,232,100,132
NANDI,885711,441259,444430,199426,2849,311,4.44130153540662,59479,29544,29933,191303,199523,390831,46.3,48.8,47.5,3321,3921,7242,0.8,1,0.9,81621,85080,166706,19.8,20.8,20.3,97879,88754,186639,23.7,21.7,22.7,39007,31654,70665,9.4,7.7,8.6,32,48,80,413163,408980,822163,231,287,518,245,356,601,1,,1,6177,5258,11435,,,,32766,34569,67337,109303,115923,225229,39089,38387,77476,191303,199523,390831,3491,4743,8234,199040,199040,199040,199040,199040,1.1,1.3,37.2,9.3,10.2,12.6,3.9,6.9,4.9,7.3,0.2,1.4,0.6,3.2,0,0,0,0.4,1.8,0.1,17.3,67.1,11.5,0.2,1.5,0,1.9,0.1,1.1,8.5,0.3,3.1,30,2.8,25.8,26.3,0,0.5,1,5.8,0.3,84.7,7.6,0.2,0,30.7,0.3,7.1,11.9,0.1,0.3,28.6,17.8,1.4,1.1,0.6,0,0,4655,2052,2603,2362,1158,1204,6221,2553,3667,2994,1383,1610,2197,1090,1107,1947,1095,852,883634,439958,443654,137,60,77
NAROK,1157873,579042,578805,241125,17932,65,4.80196163815448,100352,49818,50529,232941,248214,481160,44.4,47.7,46,4620,6235,10856,0.9,1.2,1,53583,66633,120221,10.2,12.8,11.5,78513,70531,149044,15,13.6,14.3,154686,128801,283500,29.5,24.7,27.1,76,109,185,524419,520523,1044966,295,341,636,430,528,958,5,15,20,3842,3836,7678,,,,51779,54394,106175,143159,149321,292483,31271,36119,67390,232941,248214,481160,2160,3660,5820,238115,238115,238115,238115,238115,5.6,7.2,41.3,5.6,6.4,4.3,2.9,4.5,1.5,3.1,1.7,5.6,6.3,3.8,0,0,0,0.5,2.1,0.1,8.6,49.2,10.6,0.6,28.2,0.1,4,0.1,1,6.6,1.9,4.7,44.1,3.6,7.7,26.2,0,0.5,1,8.2,0.5,71.7,17.7,0.4,0,19.7,0.2,4.1,5.6,0.2,5.5,37.7,20.1,4.5,1.4,0.9,0.1,0,2744,1254,1490,1822,878,944,3554,1585,1969,1543,729,814,1543,743,800,1338,756,582,1149379,573009,576344,86,38,48
NYAMIRA,605576,290907,314656,150669,897,675,4.01924748953003,47036,22666,24370,127840,132577,260426,43.3,48.9,46,1730,1701,3431,0.6,0.6,0.6,64433,65482,129917,21.8,24.1,22.9,64258,47174,111433,21.8,17.4,19.7,37091,24389,61480,12.6,9,10.8,33,21,54,295385,271344,566741,190,155,345,190,224,414,3,7,10,2797,2537,5335,,,,22367,23539,45908,70829,73848,144682,29443,29171,58615,127840,132577,260426,2021,3096,5117,150499,150499,150499,150499,150499,0.5,0.5,36.6,36.4,9.4,3.9,1.2,1,0.9,1,0.3,7.4,0.4,0.6,0,0,0,0.3,1.7,0.2,13.3,60.4,22.6,0.5,1,0.1,2.6,0.1,0.9,16.5,1.3,3.7,29.7,7.4,28.6,9.1,0,1.2,1.9,8.6,0.3,84.3,3.5,0.1,0,42.9,0.5,16.1,19.5,0.1,0.9,15.5,2.7,0.6,0.7,0.4,0,0,6554,2767,3787,2593,1150,1443,8296,3112,5184,4288,1649,2639,2755,1224,1531,1853,968,885,603051,289443,313595,190,86,104
NYANDARUA,638289,315022,323247,179686,3286,194,3.55224669701591,66535,32523,34007,121466,128283,249756,40.3,43.8,42,795,1041,1836,0.3,0.4,0.3,100304,98748,199054,33.2,33.7,33.5,54994,50160,105160,18.2,17.1,17.7,24123,14653,38777,8,5,6.5,33,32,66,301715,292917,594649,70,37,107,102,150,252,2,,2,2991,3039,6030,,,,19398,20651,40050,65906,70491,136401,30890,31052,61944,121466,128283,249756,2107,2863,4970,178224,178224,178224,178224,178224,0.5,2.6,11.3,1.6,1.2,20.4,4,5.4,8.8,18.8,0.3,19,2.8,3.3,0,0,0,0.3,3.1,0.1,17.8,71.8,6.6,0.1,0.2,0,4.4,0.4,1.6,14,1,1,34.4,2.7,12.2,28.4,0,0.3,1.3,12.5,0.2,70,15.6,0,0,41.3,0.4,15,8.1,0.1,0.1,28.4,2.7,1.1,1.6,1.1,0,0,5036,2016,3020,1897,847,1050,7623,2654,4969,4298,1825,2472,2489,1181,1307,1784,1032,752,636002,313718,322266,75,36,39
NYERI,759164,374288,384845,248050,3325,228,3.06052811933078,150755,73395,77357,123475,130417,253898,34.2,37.4,35.8,1958,2180,4138,0.5,0.6,0.6,151460,150457,301927,41.9,43.2,42.6,61009,52289,113307,16.9,15,16,23140,12895,36036,6.4,3.7,5.1,19,28,47,361061,348266,709353,74,42,116,227,299,526,2,2,4,5467,5288,10755,,,,19607,20618,40226,62251,65726,127981,31132,32228,63361,123475,130417,253898,4715,6214,10929,244564,244564,244564,244564,244564,0.2,0.3,13.4,0.5,0.4,2.2,1.1,1,24.1,40.2,0.2,8.9,2.2,5.3,0,0,0,6.7,7.1,0.2,14,66.3,5.3,0.1,0.1,0.1,11.1,0.3,1.7,9.1,0.4,2.1,27.6,2.2,19.8,25.7,0,0.5,3.3,23.2,0.5,64.8,7.5,0,0,71.8,0.4,8.1,8.1,0.1,0.1,8.4,1.2,0.7,1,0.3,0,0,6530,2422,4108,2513,1048,1465,11243,3768,7474,5468,2260,3207,3692,1634,2057,2437,1322,1114,752695,370072,382596,121,49,72
SAMBURU,310327,156774,153546,65910,21090,15,4.70834471248672,47132,23716,23416,40515,46092,86608,29.2,32.7,30.9,999,1378,2377,0.7,1,0.8,8482,12778,21260,6.1,9.1,7.6,6141,6193,12334,4.4,4.4,4.4,82661,74619,157284,59.5,52.9,56.2,16,12,28,138814,141072,279891,66,92,158,92,111,203,3,1,4,677,1008,1685,,,,10492,11378,21871,23524,25090,48614,5284,7597,12881,40515,46092,86608,377,815,1192,63951,63951,63951,63951,63951,2.2,7.9,35,1.5,2.3,4.2,12.9,15.8,2,4.9,0.7,1.5,3.1,6.1,0,0,0,0.4,1.4,0,4.2,23.6,4.2,0.6,65.6,0,3.2,0.1,0.4,10.5,4.8,4.1,49.6,7.3,4,16,0,0.5,0.3,4.5,0.4,73,21.1,0.3,0,14.8,0.3,3.3,5.5,0.3,36.3,13.3,9.6,15.7,0.6,0.2,0,0,1302,511,791,908,416,492,1096,521,575,612,301,311,680,318,362,448,234,214,307957,155110,152841,36,19,17
SIAYA,993183,471669,521496,250698,2530,393,3.96167101452744,85417,40219,45195,218250,223195,441450,45,51.4,48,3771,4877,8648,0.8,1.1,0.9,100315,97782,198100,20.7,22.5,21.5,106377,78383,184768,21.9,18,20.1,55942,30230,86173,11.5,7,9.4,159,163,322,484814,434630,919461,111,124,235,331,436,768,3,9,12,4707,3974,8682,,,,42094,43855,85951,129027,131985,261013,39096,38147,77243,218250,223195,441450,2881,4665,7546,57386,57386,249341,249341,249341,2.6,7.5,24,6.7,2.3,8,3.4,19.1,2.1,3.7,0.5,5.6,4.3,10,0.1,0,0,0.3,1.4,0.1,10.8,68.9,12,0.3,6,0,0.4,0,0.2,10.5,1.8,3.4,26.8,3.1,41.7,12.1,0,0.3,1.7,7.3,0.2,69.1,21.2,0.2,0.1,19.7,0.2,6.7,17.1,0.1,0.2,50.8,2.8,0.4,1.4,0.5,0,0,14005,5281,8724,6861,2734,4127,14749,4903,9846,7945,2950,4995,4025,1722,2303,3336,1775,1561,989708,469633,520058,342,137,205
TAITA/TAVETA,340671,173337,167327,96429,17152,20,3.53286874280559,93774,46620,47149,57108,59272,116381,37,37.5,37.2,542,744,1286,0.4,0.5,0.4,55594,63137,118731,36,39.9,38,24190,23804,47998,15.7,15,15.4,16888,11239,28128,10.9,7.1,9,35,34,69,154357,158230,312593,43,35,78,96,115,211,3,8,11,1559,1677,3236,,,,10095,10439,20535,32980,34682,67662,11611,11327,22938,57108,59272,116381,721,989,1710,94468,94468,94468,94468,94468,0.2,1.3,15.4,3.6,1.9,1.9,1,5.1,12,24.1,0.4,1.3,11.4,20.3,0,0,0,1.1,11.2,0.2,13.8,58.7,12.1,0.3,2.4,0.1,5.9,0.6,0.9,9.6,1,3.7,26.1,1.4,13,37.7,0,0.4,6.8,14.2,0.4,55.4,22.7,0.1,0,47.6,0.3,10.7,9.6,0,0.2,24.4,2.8,2.8,1.2,0.1,0,0,2809,1175,1634,1332,560,772,3501,1376,2125,2290,952,1336,1556,744,812,1185,648,536,335747,169778,165963,79,36,43
TANA RIVER,315943,158550,157391,68242,37904,8,4.62974414583394,75722,37854,37867,45527,50470,95997,31.9,35.5,33.7,609,835,1445,0.4,0.6,0.5,13464,19351,32815,9.4,13.6,11.5,14560,14502,29062,10.2,10.2,10.2,68287,56872,125160,47.9,40,44,69,57,126,142516,142087,284605,76,96,172,66,93,159,450,529,979,511,797,1308,,,,12093,13387,25480,27071,27965,55036,5097,7249,12346,45527,50470,95997,163,354,517,66984,66984,66984,66984,66984,2.6,9.8,19.5,1.1,0.5,9.8,7.5,22.1,2.9,7.8,0.4,0.1,5.1,10.8,0.1,0.1,0.1,0.8,4,0.5,4.6,31.7,9,0.6,48.6,0.2,0.7,0.5,0.6,10.5,2.6,4.6,49.4,9.8,7.5,13.6,0.1,0.9,0.9,2.4,0.3,63.5,31.5,0.5,0.1,25.6,0.2,2.4,7.1,0.5,6.8,20.9,12.1,21.7,2.3,0.3,0.1,0,1341,651,690,860,366,494,1513,720,793,877,429,448,834,423,411,595,328,267,314710,157511,157197,82,52,30
THARAKA-NITHI,393177,193764,199406,109860,2564,153,3.57889131622064,32743,16048,16694,71422,73509,144933,38.2,40.7,39.4,1577,1966,3543,0.8,1.1,1,48655,48177,96834,26,26.7,26.3,41983,40913,82897,22.5,22.6,22.6,23205,16089,39296,12.4,8.9,10.7,33,38,71,186875,180692,367574,99,112,211,188,220,408,1,1,2,2004,1798,3802,,,,11001,11591,22592,40416,41710,82127,16144,15966,32111,71422,73509,144933,1569,2111,3680,109450,109450,109450,109450,109450,0.4,0.1,34.6,0.6,1,3,3.1,5.1,18.8,24.1,0.3,0.3,1.8,6.9,0,0,0,0.6,3.8,0.1,15.6,66.5,12,0.2,1.1,0.1,4.4,0.1,0.2,15.8,0.5,4.3,34.8,2,19.2,18.7,0,0.2,1.5,10,0.3,82.2,5.7,0.1,0,34.7,0.4,9,13.1,0.1,2.1,17.1,3.9,18.2,1.1,0.2,0,0,4840,1960,2880,2421,1036,1385,5182,2031,3151,3887,1574,2313,2071,966,1105,1438,789,649,391303,192586,198710,119,45,74
TRANS NZOIA,990341,489107,501206,223808,2495,397,4.42495799971404,178734,88501,90228,216747,224218,440977,46.8,50,48.4,4195,5518,9713,0.9,1.2,1.1,85175,88354,173534,18.4,19.7,19,105011,88076,193088,22.7,19.6,21.2,51537,42289,93829,11.1,9.4,10.3,36,32,68,462701,448487,911209,216,241,457,315,426,741,3,,3,4783,4089,8872,,,,38263,39829,78093,126763,131907,258680,43195,43166,86362,216747,224218,440977,3209,4560,7769,222989,222989,222989,222989,222989,1,0.3,15,15.5,2.5,22.7,2.9,16.3,5.3,7.4,0.3,0.8,2.7,7.4,0,0,0,1.7,4,0.2,13.9,64.6,13.8,0.4,1.4,0.1,3.5,0.7,1.9,13.8,2.2,3.7,17.1,2.7,44.5,9.9,0,0.6,3,8.7,0.4,69.8,17.3,0.2,0,37.9,0.4,9.8,16,0.1,0.7,23.9,7.5,1,2,0.7,0,0,6609,2916,3693,2727,1273,1454,6166,2574,3591,3639,1596,2043,2272,1169,1103,2522,1399,1123,985333,485792,499515,211,102,109
TURKANA,926976,478087,448868,164519,68233,14,5.63446167311982,140791,71597,69193,85746,98266,184015,20.8,22.4,21.6,9282,10795,20077,2.3,2.5,2.4,11986,21042,33028,2.9,4.8,3.9,14409,14573,28982,3.5,3.3,3.4,290531,294430,584977,70.5,67,68.7,357,361,718,412311,439467,851797,405,435,840,220,316,537,78,94,172,1633,2651,4284,,,,19932,19965,39898,51255,55428,106684,11732,17976,29708,85746,98266,184015,491,1401,1892,162627,162627,162627,162627,162627,0.7,5.1,30,1.2,1.4,3.3,11.7,13.2,2.5,6.5,0.1,0.2,2.9,21.2,0.1,0.1,0.1,0.4,1.4,0.2,3.3,18.9,6.8,0.8,68.1,0.1,1.5,0.3,0.5,5,3.4,5.9,51.9,19.5,3.7,8.2,0.1,0.4,0.4,1.9,0.4,79.8,16.7,0.2,0.1,8.6,0.1,0.9,1.8,0.3,49.1,6.2,12.1,18.2,1.8,0.2,0.7,0,2907,1308,1599,1817,903,914,3184,1628,1556,2071,1093,978,2230,1163,1067,1429,777,652,922210,474906,447284,255,145,110
UASIN GISHU,1163186,580269,582889,304943,3399,342,3.81443745224517,510205,254000,256189,238555,241839,480402,44.3,45.5,44.9,3673,4960,8633,0.7,0.9,0.8,157748,163748,321505,29.3,30.8,30,94766,85855,180625,17.6,16.1,16.9,43731,35299,79032,8.1,6.6,7.4,70,68,138,538543,531769,1070335,170,192,362,407,447,855,3,10,13,13536,10984,24520,,,,39457,42019,81478,124613,128836,253451,51073,48988,100063,238555,241839,480402,9296,10363,19660,301110,301110,301110,301110,301110,0.8,0.4,5.1,2.5,1.5,23.4,7.4,14.9,13.2,16.5,0.8,1.3,2.7,9.4,0,0,0,9.6,10.9,0.2,14.4,55.3,8.6,0.3,0.5,0.2,11.4,2.4,9,4.7,0.9,3.1,26.6,1.2,13.1,27.8,0,0.9,5.6,24.6,0.4,46.5,22,0.1,0,63.8,0.2,5,4.4,0.1,0.3,14.9,8.5,0.8,1.7,0.3,0,0,5644,2500,3143,2330,1134,1196,5666,2364,3302,2923,1315,1608,2312,1076,1236,1994,1085,909,1152671,573060,579585,129,60,69
VIHIGA,590013,283678,306323,143365,564,1047,4.11546053778816,58384,27951,30431,128556,129422,257982,44.9,49,46.9,1808,1815,3623,0.6,0.7,0.7,67055,61789,128847,23.4,23.4,23.4,63154,52189,115345,22.1,19.8,21,25496,18682,44178,8.9,7.1,8,43,52,95,286112,263949,550070,129,124,253,160,249,409,,3,3,2743,2746,5490,,,,20850,21635,42486,77094,78677,155773,25966,23738,49704,128556,129422,257982,1614,2250,3864,23359,23359,143288,143288,143288,0.2,0.2,23.9,55.6,3.5,4,0.6,1,1.6,2.9,0.5,3.2,0.6,2.3,0,0,0,0.3,1.3,0.1,18.4,70.1,9.1,0.2,0.6,0,1,0.1,0.1,10.1,0.4,2.6,9.8,3.6,68.4,3.8,0,0.7,2.9,9.4,0.4,79.8,6.8,0.1,0,38.4,0.3,8.7,28.2,0,0.2,20,3.2,0.3,0.5,0.2,0,0,6933,2782,4151,3187,1311,1876,9630,3519,6111,5139,1933,3206,2599,1166,1433,2045,1120,925,587189,282231,304949,190,76,114
WAJIR,781263,415374,365840,127932,56774,14,6.10686145764938,177174,94812,82340,56970,75637,132611,17.2,19.9,18.6,4660,5548,10209,1.4,1.5,1.4,4369,9423,13792,1.3,2.5,1.9,2265,3224,5489,0.7,0.8,0.8,263682,285684,549406,79.4,75.3,77.2,23,41,64,331969,379557,711571,204,292,496,146,247,393,3395,4565,7960,1111,2151,3262,,,,7310,7713,15024,34740,43283,78024,9759,16413,26173,56969,75637,132610,304,973,1278,126878,126878,126878,126878,126878,5.8,28,0.3,0.6,0.6,11.1,8.8,31.7,1.4,1.9,0.6,0.3,7.2,1.6,0,0,0,1.7,3.9,0.3,2.1,21.6,16,10.5,43.6,0.2,5.7,0.5,1.6,5.3,1.3,8.4,43.5,24,3.4,6.2,0,2.7,0.3,0.7,0.6,89.5,5.3,0.8,0,14.1,0.1,0.6,0.9,2.8,15.4,11.6,11.2,42.2,0.6,0.1,0.3,0,830,447,383,1005,543,462,1629,877,752,1270,664,606,1392,751,641,760,422,338,775302,411369,363886,122,66,56
WEST POKOT,621241,307013,314213,116182,9123,68,5.34713638945792,31841,15544,16297,115287,119842,235136,41.1,43.9,42.5,2882,2978,5860,1,1.1,1.1,16108,20733,36841,5.7,7.6,6.7,28666,28006,56672,10.2,10.3,10.2,117846,101121,218972,42,37.1,39.6,55,48,103,280844,272728,553584,252,279,531,212,236,448,1,1,2,1842,1700,3542,,,,24892,25693,50585,69561,70061,139629,17341,19911,37252,115287,119842,235136,1186,1961,3147,36122,36122,115761,115761,115761,0.7,2.4,60.4,4.2,1.1,11.5,1.1,10.2,1.6,1.7,0.3,1.2,1.5,2,0,0,0,0.2,1.2,0.1,5.3,41.7,8.1,0.7,42.7,0,2.3,0.1,0.3,13.9,1.3,4,51.5,8,8.8,9.9,0,1.3,1.3,5.6,0.4,74.9,16.1,0.4,0,11.8,0.2,4.7,5.1,0.2,31.7,15.1,11.8,18.6,0.7,0.1,0,0,1909,862,1047,1527,733,794,2271,1051,1220,1269,593,676,1249,587,662,1030,524,506,618867,305469,313384,75,36,39
