County,SubCounty,Total,Sex Male ,Sex Female,Total,HouseholdsConventional,HouseholdsGroupQuarters,LandAreaSq.Km,DensityPersonsperSq.Km
KENYA,-,47564296,23548056,24014716,12143913,"12,043,016 "," 100,897",580895,82
MOMBASA,-,1208333,610257,598046,378422,"376,295 "," 2,127",220,5495
MOMBASA,CHANGAMWE,131882,68761,63121,46614,"46,439 ", 175,18,7457
MOMBASA,JOMVU,163415,83002,80410,53472,"53,214 ", 258,37,4432
MOMBASA,KISAUNI,291930,146748,145176,88202,"88,159 ", 43,88,3328
MOMBASA,LIKONI,250358,126962,123392,81191,"80,002 "," 1,189",40,6187
MOMBASA,MVITA,154171,75565,78601,38995,"38,710 ", 285,15,10543
MOMBASA,NYALI,216577,109219,107346,69948,"69,771 ", 177,23,9610
KWALE,,866820,425121,441681,173176,"172,802 ", 374,8254,105
KWALE,KINANGO,94220,45413,48806,16043,"16,041 ", 2,1612,58
KWALE,LUNGA LUNGA,198423,97174,101245,37366,"37,276 ", 90,2765,72
KWALE,MATUGA,194252,95831,98419,39231,"39,124 ", 107,1034,188
KWALE,MSAMBWENI,177690,89206,88480,45466,"45,374 ", 92,412,432
KWALE,SAMBURU,202235,97497,104731,35070,"34,987 ", 83,2430,83
KILIFI,-,1453787,704089,749673,298472,"297,990 ", 482,12553,116
KILIFI,CHONYI,62335,29527,32807,11421,"11,416 ", 5,193,324
KILIFI,GANZE,143906,66921,76981,23258,"23,197 ", 61,3218,45
KILIFI,KALOLENI,193682,92614,101063,36355,"36,344 ", 11,706,274
KILIFI,KAUMA,22638,10965,11673,3479,"3,479 ", -,181,125
KILIFI,KILIFI NORTH,178824,86986,91836,39512,"39,508 ", 4,264,676
KILIFI,KILIFI SOUTH,206753,101852,104897,53074,"53,011 ", 63,290,712
KILIFI,MAGARINI,191610,93302,98308,33017,"32,978 ", 39,5229,37
KILIFI,MALINDI,333226,163351,169866,73547,"73,317 ", 230,2263,147
KILIFI,RABAI,120813,58571,62242,24809,"24,740 ", 69,208,581
TANA RIVER,,315943,158550,157391,68242,"66,984 "," 1,258",37904,8
TANA RIVER,TANA DELTA,110640,55716,54924,22791,"22,395 ", 396,15432,7
TANA RIVER,TANA NORTH,116757,59123,57632,26886,"26,119 ", 767,13305,9
TANA RIVER,TANA RIVER,88546,43711,44835,18565,"18,470 ", 95,9167,10
LAMU,,143920,76103,67813,37963,"34,231 "," 3,732",6283,23
LAMU,LAMU EAST,22258,11675,10583,5090,"4,476 ", 614,2338,10
LAMU,LAMU WEST,121662,64428,57230,32873,"29,755 "," 3,118",3945,31
TAITA/TAVETA,,340671,173337,167327,96429,"94,468 "," 1,961",17152,20
TAITA/TAVETA,MWATATE,81659,41426,40231,23698,"23,184 ", 514,2723,30
TAITA/TAVETA,TAITA,55959,28386,27573,15094,"14,985 ", 109,478,117
TAITA/TAVETA,TAVETA,91222,47410,43812,24115,"23,417 ", 698,6399,14
TAITA/TAVETA,VOI,111831,56115,55711,33522,"32,882 ", 640,7553,15
GARISSA,,841353,458975,382344,141394,"138,940 "," 2,454",44753,19
GARISSA,BALAMBALA,32257,20277,11979,4337,"3,986 ", 351,3684,9
GARISSA,DADAAB,185252,99059,86185,35793,"35,169 ", 624,6415,29
GARISSA,FAFI,134040,72617,61413,23671,"23,351 ", 320,15050,9
GARISSA,GARISSA,163914,83460,80449,30518,"29,790 ", 728,3318,49
GARISSA,HULUGHO,133984,78081,55898,20254,"20,078 ", 176,7737,17
GARISSA,IJARA,141591,80458,61129,18481,"18,296 ", 185,2453,58
GARISSA,LAGDERA,50315,25023,25291,8340,"8,270 ", 70,6096,8
WAJIR,,781263,415374,365840,127932,"126,878 "," 1,054",56774,14
WAJIR,BUNA,49886,26796,23088,6480,"6,480 ", -,3888,13
WAJIR,ELDAS,89104,45028,44069,13961,"13,862 ", 99,4492,20
WAJIR,HABASWEIN,174134,94613,79505,31292,"31,113 ", 179,10912,16
WAJIR,TARBAJ,56637,26856,29776,9309,"9,241 ", 68,9608,6
WAJIR,WAJIR EAST,110654,59359,51292,18674,"18,282 ", 392,4053,27
WAJIR,WAJIR NORTH,62206,31990,30209,10490,"10,478 ", 12,4042,15
WAJIR,WAJIR SOUTH,116814,64947,51864,21364,"21,149 ", 215,10734,11
WAJIR,WAJIR WEST,121828,65785,56037,16362,"16,273 ", 89,9044,13
MANDERA,,867457,434976,432444,125763,"123,954 "," 1,809",25942,33
MANDERA,MANDERA WEST,98300,48166,50130,14274,"14,201 ", 73,4018,24
MANDERA,BANISA,152598,78301,74288,24285,"24,000 ", 285,3944,39
MANDERA,KOTULO,72394,35799,36593,9446,"9,342 ", 104,2509,29
MANDERA,LAFEY,83457,40476,42976,11597,"11,380 ", 217,3795,22
MANDERA,MANDERA CENTRAL,157220,71688,85527,21140,"20,795 ", 345,4032,39
MANDERA,MANDERA EAST,159638,83538,76095,25904,"25,206 ", 698,2506,64
MANDERA,MANDERA NORTH,143850,77008,66835,19117,"19,030 ", 87,5138,28
MARSABIT,,459785,243548,216219,77495,"76,689 ", 806,70944,6
MARSABIT,LOIYANGALANI,35713,17659,18051,7774,"7,646 ", 128,11789,3
MARSABIT,MARSABIT CENTRAL,79181,40956,38214,15849,"15,658 ", 191,2143,37
MARSABIT,MARSABIT NORTH,54297,30091,24205,7521,"7,468 ", 53,19837,3
MARSABIT,MARSABIT SOUTH,65376,33215,32161,11615,"11,563 ", 52,8447,8
MARSABIT,MOYALE,108949,56440,52508,17709,"17,591 ", 118,3327,33
MARSABIT,NORTH HORR,71447,41719,29726,9789,"9,601 ", 188,19337,4
MARSABIT,SOLOLO,44822,23468,21354,7238,"7,162 ", 76,6064,7
ISIOLO,,268002,139510,128483,58072,"53,217 "," 4,855",25349,11
ISIOLO,GARBATULLA,99730,54661,45068,18661,"17,047 "," 1,614",9902,10
ISIOLO,ISIOLO,121066,60414,60647,29853,"27,612 "," 2,241",2691,45
ISIOLO,MERTI,47206,24435,22768,9558,"8,558 "," 1,000",12756,4
MERU,,1545714,767698,777975,426360,"423,931 "," 2,429",7014,220
MERU,BUURI EAST,76598,38101,38497,23834,"23,737 ", 97,333,230
MERU,BUURI WEST,80762,40496,40264,27973,"27,905 ", 68,639,126
MERU,IGEMBE CENTRAL,221412,111208,110200,52031,"51,848 ", 183,603,367
MERU,IGEMBE NORTH,169317,83364,85949,38871,"38,716 ", 155,1113,152
MERU,IGEMBE SOUTH,161646,80192,81446,43281,"43,222 ", 59,255,633
MERU,IMENTI NORTH,177567,88506,89056,57668,"57,556 ", 112,232,767
MERU,IMENTI SOUTH,206506,103338,103162,64186,"63,954 ", 232,418,494
MERU,MERU CENTRAL,133818,66920,66894,39595,"39,498 ", 97,377,355
MERU,TIGANIA CENTRAL,104730,51814,52916,25039,"24,983 ", 56,237,441
MERU,TIGANIA EAST,72549,35352,37194,17185,"16,791 ", 394,511,142
MERU,TIGANIA WEST,139961,67715,72241,36207,"35,402 ", 805,399,351
MERU,MERU NATIONAL PARK,385,283,102,207,46 , 161,838,-
MERU,MT. KENYA FOREST,463,409,54,283,273 , 10,1060,-
THARAKA-NITHI,,393177,193764,199406,109860,"109,450 ", 410,2564,153
THARAKA-NITHI,IGAMBANG'OMBE,53210,26464,26745,14398,"14,383 ", 15,323,165
THARAKA-NITHI,MAARA,114894,57689,57205,35041,"34,779 ", 262,266,431
THARAKA-NITHI,MERU SOUTH,91080,44923,46155,28249,"28,211 ", 38,139,656
THARAKA-NITHI,THARAKA NORTH,58345,28290,30053,13413,"13,403 ", 10,839,70
THARAKA-NITHI,THARAKA SOUTH,75250,36190,39058,18646,"18,603 ", 43,637,118
THARAKA-NITHI,MOUNT KENYA FOREST,398,208,190,113,71 , 42,360,1
EMBU,,608599,304208,304367,182743,"182,427 ", 316,2821,216
EMBU,EMBU EAST,129564,64571,64991,39678,"39,586 ", 92,253,512
EMBU,EMBU NORTH,79556,39665,39888,24300,"24,294 ", 6,111,719
EMBU,EMBU WEST,127100,63125,63966,43153,"43,126 ", 27,158,804
EMBU,MBEERE SOUTH,163476,83311,80159,46065,"45,924 ", 141,1312,125
EMBU,MBEERE NORTH,108881,53517,55360,29528,"29,483 ", 45,784,139
EMBU,MOUNT KENYA FOREST,22,19,3,19,14 , 5,203,-
KITUI,,1136187,549003,587151,262942,"261,814 "," 1,128",30430,37
KITUI,IKUTHA,82964,39986,42976,16679,"16,579 ", 100,9033,9
KITUI,KATULANI,47108,23150,23957,12170,"12,166 ", 4,324,146
KITUI,KISASI,46142,22646,23496,10866,"10,860 ", 6,295,157
KITUI,KITUI CENTRAL,105991,52123,53863,29057,"29,026 ", 31,422,251
KITUI,KITUI WEST,70871,33887,36983,17497,"17,465 ", 32,416,170
KITUI,KYUSO,76867,36789,40077,15993,"15,969 ", 24,2525,30
KITUI,LOWER YATTA,63329,31701,31628,15454,"15,021 ", 433,1191,53
KITUI,MATINYANI,47811,23362,24448,11513,"11,497 ", 16,264,181
KITUI,MIGWANI,79255,37525,41726,19096,"18,843 ", 253,635,125
KITUI,MUMONI,29344,13748,15596,6496,"6,451 ", 45,611,48
KITUI,MUTITU,55287,26388,28896,11521,"11,490 ", 31,4710,12
KITUI,MUTITU NORTH,21215,10337,10877,4929,"4,929 ", -,548,39
KITUI,MUTOMO,113356,54819,58531,23044,"23,034 ", 10,2853,40
KITUI,MWINGI CENTRAL,108713,52539,56174,26753,"26,745 ", 8,1146,95
KITUI,MWINGI EAST,85139,40314,44820,18730,"18,725 ", 5,3418,25
KITUI,NZAMBANI,46788,22929,23857,11276,"11,276 ", -,320,146
KITUI,THAGICU,15136,7141,7994,3289,"3,289 ", -,363,42
KITUI,TSEIKURU,40871,19619,21252,8579,"8,449 ", 130,1356,30
MACHAKOS,,1421932,710707,711191,402466,"399,523 "," 2,943",6037,236
MACHAKOS,ATHI RIVER,322499,164322,158172,109735,"109,723 ", 12,835,386
MACHAKOS,KALAMA,54462,26764,27692,14182,"14,137 ", 45,480,113
MACHAKOS,KANGUNDO,97917,48697,49219,26142,"26,115 ", 27,173,565
MACHAKOS,KATHIANI,111890,54910,56976,28730,"28,730 ", -,204,548
MACHAKOS,MACHAKOS,170606,85486,85114,50979,"50,753 ", 226,280,609
MACHAKOS,MASINGA,148522,73519,75001,36251,"36,196 ", 55,1407,106
MACHAKOS,MATUNGULU,161557,81145,80407,44454,"44,399 ", 55,581,278
MACHAKOS,MWALA,181896,90427,91466,45840,"45,809 ", 31,1013,179
MACHAKOS,YATTA,172583,85437,87144,46153,"43,661 "," 2,492",1062,162
MAKUENI,,987653,489691,497942,244669,"243,979 ", 690,8177,121
MAKUENI,KATHONZWENI,79780,39335,40442,18365,"18,362 ", 3,881,91
MAKUENI,KIBWEZI,197000,98477,98517,47912,"47,594 ", 318,3137,63
MAKUENI,KILUNGU,60952,29019,31932,14586,"14,563 ", 23,154,395
MAKUENI,MAKINDU,84946,42204,42742,21756,"21,662 ", 94,852,100
MAKUENI,MAKUENI,130375,65418,64955,34479,"34,352 ", 127,609,214
MAKUENI,MBOONI EAST,97756,48152,49601,23734,"23,724 ", 10,693,141
MAKUENI,MBOONI WEST,102594,49434,53159,24833,"24,807 ", 26,271,379
MAKUENI,MUKAA,107549,54481,53068,28185,"28,109 ", 76,804,134
MAKUENI,NZAUI,126701,63171,63526,30819,"30,806 ", 13,775,163
NYANDARUA,,638289,315022,323247,179686,"178,224 "," 1,462",3286,194
NYANDARUA,KINANGOP,111410,54727,56679,30970,"30,847 ", 123,294,379
NYANDARUA,NYANDARUA SOUTH,93870,46157,47708,25822,"25,650 ", 172,314,299
NYANDARUA,MIRANGINE,67214,33447,33766,18816,"17,880 ", 936,246,274
NYANDARUA,KIPIPIRI,93855,46113,47740,25200,"25,077 ", 123,456,206
NYANDARUA,NYANDARUA CENTRAL,75262,37329,37931,21942,"21,852 ", 90,347,217
NYANDARUA,NYANDARUA WEST,97965,48752,49209,29008,"29,003 ", 5,385,255
NYANDARUA,NYANDARUA NORTH,98698,48486,50210,27917,"27,906 ", 11,528,187
NYANDARUA,ABERDARE NATIONAL PARK,15,11,4,11,9 , 2,717,..
NYERI,,759164,374288,384845,248050,"244,564 "," 3,486",3325,228
NYERI,TETU,80453,39293,41155,24139,"24,122 ", 17,217,372
NYERI,KIENI EAST,110376,55360,55012,36835,"36,751 ", 84,449,246
NYERI,KIENI WEST,88525,43843,44677,27619,"27,530 ", 89,518,171
NYERI,MATHIRA EAST,99065,48070,50992,35044,"33,945 "," 1,099",130,760
NYERI,MATHIRA WEST,59895,29480,30412,19020,"18,892 ", 128,162,369
NYERI,NYERI SOUTH,91081,44115,46964,28228,"28,103 ", 125,169,538
NYERI,MUKURWE-INI,89137,43975,45156,27040,"27,036 ", 4,179,498
NYERI,NYERI CENTRAL,140338,69955,70380,49945,"48,036 "," 1,909",168,837
NYERI,MT. KENYA FOREST,188,123,65,101,101 , -,611,..
NYERI,ABERDARE FOREST,106,74,32,79,48 , 31,722,..
KIRINYAGA,,610411,302011,308369,204188,"203,576 ", 612,1478,413
KIRINYAGA,KIRINYAGA CENTRAL,122740,60118,62617,40225,"40,149 ", 76,153,800
KIRINYAGA,KIRINYAGA EAST,135559,67037,68514,44571,"44,509 ", 62,232,585
KIRINYAGA,KIRINYAGA WEST,114660,56154,58502,38309,"37,951 ", 358,208,552
KIRINYAGA,MWEA EAST,132554,66432,66114,46340,"46,331 ", 9,303,437
KIRINYAGA,MWEA WEST,104828,52228,52594,34720,"34,613 ", 107,239,438
KIRINYAGA,MOUNT KENYA FOREST,70,42,28,23,23 , -,343,..
MURANG'A,,1056640,523940,532669,318105,"317,496 ", 609,2523,419
MURANG'A,MURANG'A EAST,110311,54665,55645,34734,"34,650 ", 84,241,458
MURANG'A,KANGEMA,80447,39582,40862,25293,"25,283 ", 10,174,463
MURANG'A,MATHIOYA,92814,45454,47359,28400,"28,372 ", 28,178,523
MURANG'A,KAHURO,88193,43352,44834,26930,"26,778 ", 152,169,521
MURANG'A,MURANG'A SOUTH,184824,91732,93087,55998,"55,878 ", 120,457,405
MURANG'A,GATANGA,187989,94437,93548,55461,"55,340 ", 121,531,354
MURANG'A,KIGUMO,136921,67989,68929,40552,"40,528 ", 24,244,561
MURANG'A,KANDARA,175098,86698,88393,50704,"50,657 ", 47,235,746
MURANG'A,ABERDARE FOREST,43,31,12,33,10 , 23,295,-
KIAMBU,,2417735,1187146,1230454,795241,"792,333 "," 2,908",2539,952
KIAMBU,GATUNDU NORTH,109870,54189,55678,31472,"31,452 ", 20,286,384
KIAMBU,GATUNDU SOUTH,122103,60384,61714,35609,"35,577 ", 32,194,631
KIAMBU,GITHUNGURI,165232,82037,83187,49426,"49,414 ", 12,174,948
KIAMBU,JUJA,300948,148446,152480,104301,"104,042 ", 259,342,880
KIAMBU,KABETE,199653,97794,101845,66710,"66,681 ", 29,61,3289
KIAMBU,KIAMBAA,236400,115690,120695,80332,"80,316 ", 16,91,2595
KIAMBU,KIAMBU,145903,69661,76225,47275,"46,816 ", 459,98,1483
KIAMBU,KIKUYU,187122,90919,96198,60686,"60,619 ", 67,173,1082
KIAMBU,LARI,135303,67061,68238,38592,"38,585 ", 7,432,313
KIAMBU,LIMURU,159314,79632,79682,49174,"49,096 ", 78,285,559
KIAMBU,RUIRU,371111,180947,190144,129470,"127,910 "," 1,560",201,1846
KIAMBU,THIKA EAST,38956,19688,19264,12736,"12,736 ", -,110,354
KIAMBU,THIKA WEST,245820,120698,125104,89458,"89,089 ", 369,91,2689
TURKANA,,926976,478087,448868,164519,"162,627 "," 1,892",68233,14
TURKANA,KIBISH,36769,18651,18117,5805,"5,699 ", 106,10466,4
TURKANA,LOIMA,107795,54341,53453,19438,"19,139 ", 299,9120,12
TURKANA,TURKANA CENTRAL,185305,93145,92160,38173,"37,917 ", 256,6415,29
TURKANA,TURKANA EAST,138526,76871,61643,17981,"17,887 ", 94,11396,12
TURKANA,TURKANA NORTH,65218,32810,32408,13119,"12,964 ", 155,7012,9
TURKANA,TURKANA SOUTH,153736,78402,75329,24552,"24,281 ", 271,7045,22
TURKANA,TURKANA WEST,239627,123867,115758,45451,"44,740 ", 711,16779,14
WEST POKOT,,621241,307013,314213,116182,"115,761 ", 421,9123,68
WEST POKOT,KIPKOMO,102633,50923,51703,18370,"18,367 ", 3,766,134
WEST POKOT,POKOT CENTRAL,119016,59682,59331,21850,"21,784 ", 66,2055,58
WEST POKOT,POKOT NORTH,134485,64780,69702,25804,"25,736 ", 68,3911,34
WEST POKOT,POKOT SOUTH,80661,39808,40851,13817,"13,752 ", 65,537,150
WEST POKOT,WEST POKOT,184446,91820,92626,36341,"36,122 ", 219,1855,99
SAMBURU,,310327,156774,153546,65910,"63,951 "," 1,959",21090,15
SAMBURU,SAMBURU CENTRAL,164942,83633,81307,34202,"33,720 ", 482,3699,45
SAMBURU,SAMBURU EAST,77994,38211,39782,18424,"17,307 "," 1,117",10016,8
SAMBURU,SAMBURU NORTH,67391,34930,32457,13284,"12,924 ", 360,7375,9
TRANS NZOIA,,990341,489107,501206,223808,"222,989 ", 819,2495,397
TRANS NZOIA,TRANS NZOIA WEST,202377,101198,101174,47603,"47,576 ", 27,355,569
TRANS NZOIA,TRANS NZOIA EAST,229538,113498,116029,50017,"49,955 ", 62,629,365
TRANS NZOIA,KWANZA,203821,100234,103584,45752,"45,599 ", 153,465,438
TRANS NZOIA,ENDEBESS,111782,56090,55689,23705,"23,246 ", 459,678,165
TRANS NZOIA,KIMININI,242823,118087,124730,56731,"56,613 ", 118,367,662
UASIN GISHU,,1163186,580269,582889,304943,"301,110 "," 3,833",3399,342
UASIN GISHU,AINABKOI,138184,68348,69835,34892,"34,862 ", 30,483,286
UASIN GISHU,KAPSERET,198499,99650,98845,59746,"59,678 ", 68,299,663
UASIN GISHU,KESSES,148798,74301,74493,34653,"34,623 ", 30,748,199
UASIN GISHU,MOIBEN,181338,90309,91027,46729,"46,602 ", 127,770,236
UASIN GISHU,SOY,229094,114082,115007,53784,"53,758 ", 26,668,343
UASIN GISHU,TURBO,267273,133579,133682,75139,"71,587 "," 3,552",431,620
ELGEYO/MARAKWET,,454480,227317,227151,99861,"99,119 ", 742,3032,150
ELGEYO/MARAKWET,KEIYO NORTH,99176,49601,49574,21947,"21,749 ", 198,543,183
ELGEYO/MARAKWET,KEIYO SOUTH,120750,60919,59827,27029,"26,740 ", 289,898,134
ELGEYO/MARAKWET,MARAKWET EAST,97041,47849,49190,21362,"21,123 ", 239,853,114
ELGEYO/MARAKWET,MARAKWET WEST,137513,68948,68560,29523,"29,507 ", 16,738,186
NANDI,,885711,441259,444430,199426,"199,040 ", 386,2849,311
NANDI,CHESUMEI,164133,80949,83180,39051,"39,011 ", 40,475,346
NANDI,NANDI CENTRAL,147553,73291,74255,34400,"34,247 ", 153,362,407
NANDI,NANDI EAST,119173,59899,59271,29253,"29,249 ", 4,392,304
NANDI,NANDI NORTH,166171,82512,83656,35297,"35,257 ", 40,606,274
NANDI,NANDI SOUTH,172750,85718,87029,37094,"37,038 ", 56,457,378
NANDI,TINDERET,115931,58890,57039,24331,"24,238 ", 93,557,208
BARINGO,,666763,336322,330428,142518,"141,877 ", 641,10985,61
BARINGO,BARINGO CENTRAL,96951,48120,48829,23555,"23,523 ", 32,786,123
BARINGO,BARINGO NORTH,104871,52369,52500,23500,"23,345 ", 155,1629,64
BARINGO,EAST POKOT,79923,40462,39459,14498,"14,392 ", 106,2500,32
BARINGO,KOIBATEK,129535,65295,64238,30774,"30,752 ", 22,939,138
BARINGO,MARIGAT,90955,45706,45246,19854,"19,658 ", 196,1405,65
BARINGO,MOGOTIO,91104,46014,45088,18184,"18,169 ", 15,1375,66
BARINGO,TIATY EAST,73424,38356,35068,12153,"12,038 ", 115,2163,34
BARINGO,LAKE BARINGO,-,-,-,-,- , -,186,-
LAIKIPIA,,518560,259440,259102,149271,"145,776 "," 3,495",9508,55
LAIKIPIA,LAIKIPIA CENTRAL,95594,47888,47705,30372,"29,877 ", 495,1233,78
LAIKIPIA,LAIKIPIA EAST,102815,52078,50732,33505,"31,311 "," 2,194",1539,67
LAIKIPIA,LAIKIPIA NORTH,36184,18067,18116,7752,"7,694 ", 58,2550,14
LAIKIPIA,LAIKIPIA WEST,129263,65158,64102,33025,"32,821 ", 204,3372,38
LAIKIPIA,NYAHURURU,154704,76249,78447,44617,"44,073 ", 544,813,190
NAKURU,,2162202,1077272,1084835,616046,"598,237 "," 17,809",7505,288
NAKURU,GILGIL,185209,92955,92247,58920,"49,405 "," 9,515",1075,172
NAKURU,KURESOI NORTH,175074,87472,87599,40359,"40,168 ", 191,618,283
NAKURU,KURESOI SOUTH,155324,78204,77117,34627,"34,543 ", 84,591,263
NAKURU,MOLO,156732,78129,78598,41462,"41,439 ", 23,483,324
NAKURU,NAIVASHA,355383,179222,176132,117633,"111,493 "," 6,140",1958,181
NAKURU,NAKURU EAST,193926,92956,100960,61398,"60,066 "," 1,332",231,840
NAKURU,NAKURU NORTH,218050,106155,111880,61728,"61,582 ", 146,387,563
NAKURU,NAKURU WEST,198661,101797,96854,64481,"64,429 ", 52,72,2764
NAKURU,NJORO,238773,118361,120408,61271,"61,156 ", 115,699,341
NAKURU,RONGAI,199906,99976,99922,52348,"52,248 ", 100,988,202
NAKURU,SUBUKIA,85164,42045,43118,21819,"21,708 ", 111,402,212
NAROK,,1157873,579042,578805,241125,"238,115 "," 3,010",17932,65
NAROK,NAROK EAST,115323,58699,56617,25078,"24,860 ", 218,2042,56
NAROK,NAROK NORTH,251862,128024,123829,59996,"59,802 ", 194,2159,117
NAROK,NAROK SOUTH,238472,118441,120029,46723,"46,549 ", 174,4577,52
NAROK,NAROK WEST,195287,97085,98198,38658,"37,782 ", 876,5563,35
NAROK,TRANS MARA EAST,111183,54545,56637,20506,"20,439 ", 67,310,359
NAROK,TRANS MARA WEST,245714,122220,123491,50132,"48,683 "," 1,449",2546,97
NAROK,MAU FOREST,32,28,4,32,- ,32,734,-
KAJIADO,,1117840,557098,560704,316179,"313,218 "," 2,961",21871,51
KAJIADO,ISINYA,210473,105607,104860,71579,"71,395 ", 184,1072,196
KAJIADO,KAJIADO CENTRAL,161862,81514,80343,37238,"37,059 ", 179,4239,38
KAJIADO,KAJIADO NORTH,306596,150675,155908,101378,"100,908 ", 470,111,2773
KAJIADO,KAJIADO WEST,182849,91607,91237,42774,"42,367 ", 407,7862,23
KAJIADO,LOITOKITOK,191846,94613,97225,47058,"45,581 "," 1,477",6337,30
KAJIADO,MASHUURU,64214,33082,31131,16152,"15,908 ", 244,2251,29
KERICHO,,901777,450741,451008,206036,"205,932 ", 104,2436,370
KERICHO,BELGUT,145072,72508,72564,35012,"34,978 ", 34,264,549
KERICHO,BURETI,199470,98823,100642,43117,"43,098 ", 19,321,622
KERICHO,KERICHO EAST,170625,86671,83947,44246,"44,246 ", -,241,709
KERICHO,KIPKELION,122530,61066,61460,24688,"24,676 ", 12,350,350
KERICHO,LONDIANI,137580,68570,69000,31778,"31,739 ", 39,400,344
KERICHO,SOIN SIGOWET,126500,63103,63395,27195,"27,195 ", -,466,271
KERICHO,MAU FOREST,-,-,-,-,- , -,201,-
KERICHO,TINDERET FOREST,-,-,,-,- , -,194,-
BOMET,,875689,434287,441379,187641,"187,230 ", 411,2507,349
BOMET,BOMET EAST,144275,71095,73172,29958,"29,897 ", 61,305,473
BOMET,CHEPALUNGU,164837,79921,84912,33931,"33,850 ", 81,461,358
BOMET,KONOIN,163507,83120,80384,38178,"38,123 ", 55,393,417
BOMET,SOTIK,227855,112369,115482,47315,"47,265 ", 50,544,419
BOMET,BOMET CENTRAL,175215,87782,87429,38259,"38,095 ", 164,286,613
BOMET,MAU FOREST,-,-,-,-,- , -,519,-
KAKAMEGA,,1867579,897133,970406,433207,"432,284 ", 923,3017,619
KAKAMEGA,BUTERE,154100,73634,80463,36243,"36,243 ", -,210,734
KAKAMEGA,KAKAMEGA CENTRAL,188212,92774,95432,52015,"51,956 ", 59,155,1212
KAKAMEGA,KAKAMEGA EAST,167641,80853,86784,39589,"39,589 ", -,417,402
KAKAMEGA,KAKAMEGA NORTH,238330,115511,122814,51083,"50,952 ", 131,421,566
KAKAMEGA,KAKAMEGA SOUTH,111743,53219,58524,26964,"26,940 ", 24,146,764
KAKAMEGA,KHWISERO,113476,53670,59803,27681,"27,681 ", -,146,779
KAKAMEGA,LIKUYANI,152055,73710,78341,35322,"34,776 ", 546,316,481
KAKAMEGA,LUGARI,122728,59135,63593,27862,"27,817 ", 45,254,483
KAKAMEGA,MATETE,66172,31749,34423,13956,"13,956 ", -,103,644
KAKAMEGA,MATUNGU,166940,78793,88143,36457,"36,414 ", 43,276,606
KAKAMEGA,MUMIAS EAST,116851,55895,60953,26049,"25,995 ", 54,150,778
KAKAMEGA,MUMIAS WEST,115354,54915,60438,27671,"27,650 ", 21,163,706
KAKAMEGA,NAVAKHOLO,153977,73275,80695,32315,"32,315 ", -,259,594
VIHIGA,,590013,283678,306323,143365,"143,288 ", 77,564,1047
VIHIGA,EMUHAYA,97141,46507,50633,23804,"23,803 ", 1,89,1091
VIHIGA,VIHIGA,95292,45788,49501,23375,"23,359 ", 16,90,1058
VIHIGA,SABATIA,131628,62944,68683,31422,"31,391 ", 31,111,1181
VIHIGA,LUANDA,106694,51525,55165,26766,"26,766 ", -,84,1265
VIHIGA,HAMISI,159241,76901,82337,37986,"37,965 ", 21,157,1013
VIHIGA,KAKAMEGA FOREST,17,13,4,12,4 , 8,32,1
BUNGOMA,,1670570,812146,858389,358796,"357,714 "," 1,082",3024,552
BUNGOMA,BUMULA,215892,103368,112523,44954,"44,922 ", 32,345,625
BUNGOMA,BUNGOMA CENTRAL,177748,86302,91438,37803,"37,535 ", 268,233,764
BUNGOMA,BUNGOMA EAST,114548,55775,58771,24873,"24,798 ", 75,163,702
BUNGOMA,BUNGOMA NORTH,121317,58790,62526,24998,"24,940 ", 58,192,633
BUNGOMA,BUNGOMA SOUTH,287765,139705,148055,69151,"69,088 ", 63,321,896
BUNGOMA,CHEPTAIS,136035,67717,68312,26326,"26,007 ", 319,223,610
BUNGOMA,KIMILILI,162038,78560,83475,35263,"35,053 ", 210,180,902
BUNGOMA,MT ELGON,78873,38977,39893,15276,"15,230 ", 46,126,624
BUNGOMA,BUNGOMA WEST,119875,58225,61649,25172,"25,166 ", 6,211,568
BUNGOMA,TONGAREN,100343,48685,51657,21343,"21,343 ", -,185,542
BUNGOMA,WEBUYE WEST,152515,74180,78331,32839,"32,834 ", 5,239,638
BUNGOMA,MT ELGON FOREST,3621,1862,1759,798,798 , -,606,6
BUSIA,,893681,426252,467401,198152,"197,944 ", 208,1700,526
BUSIA,BUNYALA,85977,41465,44511,19039,"19,028 ", 11,192,447
BUSIA,BUSIA,142408,69034,73373,33160,"33,152 ", 8,196,727
BUSIA,BUTULA,140334,65136,75195,32213,"32,199 ", 14,247,568
BUSIA,NAMBALE,111636,52900,58732,23892,"23,889 ", 3,238,469
BUSIA,SAMIA,107176,50821,56341,23884,"23,813 ", 71,262,408
BUSIA,TESO NORTH,138034,66412,71619,29395,"29,314 ", 81,261,529
BUSIA,TESO SOUTH,168116,80484,87630,36569,"36,549 ", 20,303,555
SIAYA,,993183,471669,521496,250698,"249,341 "," 1,357",2530,393
SIAYA,SIAYA,224343,105906,118433,57553,"57,386 ", 167,599,375
SIAYA,GEM,179792,85696,94092,44884,"44,696 ", 188,405,444
SIAYA,UGENYA,134354,62624,71726,33565,"33,554 ", 11,324,415
SIAYA,UGUNJA,104241,48912,55329,26328,"26,321 ", 7,201,519
SIAYA,BONDO,197883,95962,101917,51362,"50,454 ", 908,599,330
SIAYA,RARIEDA,152570,72569,79999,37006,"36,930 ", 76,402,379
KISUMU,,1155574,560942,594609,300745,"296,846 "," 3,899",2085,554
KISUMU,KISUMU EAST,220997,108304,112689,61871,"61,499 ", 372,142,1560
KISUMU,KISUMU CENTRAL,174145,84155,89985,52331,"52,163 ", 168,37,4737
KISUMU,KISUMU WEST,172821,85697,87121,45933,"42,785 "," 3,148",209,827
KISUMU,SEME,121667,57658,64007,29404,"29,404 ", -,268,454
KISUMU,MUHORONI,154116,76770,77345,37193,"36,982 ", 211,658,234
KISUMU,NYANDO,161508,77121,84380,38460,"38,460 ", -,446,362
KISUMU,NYAKACH,150320,71237,79082,35553,"35,553 ", -,327,460
HOMA BAY,,1131950,539560,592367,262036,"260,290 "," 1,746",3153,359
HOMA BAY,HOMA BAY,117439,55756,61681,29318,"28,471 ", 847,182,645
HOMA BAY,NDHIWA,218136,103706,114422,48062,"47,956 ", 106,713,306
HOMA BAY,RACHUONYO NORTH,178686,85409,93273,41809,"41,661 ", 148,435,410
HOMA BAY,RACHUONYO EAST,121822,57709,64111,27319,"27,229 ", 90,251,486
HOMA BAY,RACHUONYO SOUTH,130814,61663,69151,30990,"30,693 ", 297,256,511
HOMA BAY,RANGWE,117732,55404,62325,27003,"26,983 ", 20,274,429
HOMA BAY,SUBA NORTH,124938,60530,64406,29766,"29,662 ", 104,406,307
HOMA BAY,SUBA SOUTH,122383,59383,62998,27769,"27,635 ", 134,634,193
MIGORI,,1116436,536187,580214,240168,"238,133 "," 2,035",2613,427
MIGORI,AWENDO,117290,56348,60939,27033,"27,014 ", 19,255,459
MIGORI,KURIA EAST,96872,46969,49894,17363,"17,267 ", 96,188,516
MIGORI,KURIA WEST,208513,101090,107417,39781,"39,723 ", 58,396,527
MIGORI,NYATIKE,176162,83989,92164,40257,"39,358 ", 899,677,260
MIGORI,RONGO,124587,59257,65329,29087,"29,007 ", 80,213,584
MIGORI,SUNA EAST,122674,58977,63694,27302,"27,214 ", 88,205,598
MIGORI,SUNA WEST,128890,61430,67459,29251,"28,839 ", 412,288,448
MIGORI,URIRI,141448,68127,73318,30094,"29,711 ", 383,392,361
KISII,,1266860,605784,661038,308054,"307,254 ", 800,1323,957
KISII,ETAGO,83787,40137,43647,18610,"18,610 ", -,108,773
KISII,GUCHA,83740,39631,44108,19657,"19,621 ", 36,82,1020
KISII,GUCHA SOUTH,83623,40022,43598,19732,"19,627 ", 105,95,878
KISII,KENYENYA,131740,62859,68878,30989,"30,985 ", 4,142,930
KISII,KISII CENTRAL,166906,81330,85573,44311,"44,037 ", 274,136,1229
KISII,KISII SOUTH,135134,64514,70615,31696,"31,574 ", 122,128,1054
KISII,KITUTU CENTRAL,154175,74608,79561,41271,"41,233 ", 38,100,1537
KISII,MARANI,107464,50598,56864,26186,"26,133 ", 53,128,837
KISII,MASABA SOUTH,122396,58143,64248,29232,"29,206 ", 26,161,759
KISII,NYAMACHE,130898,62113,68782,30712,"30,583 ", 129,163,805
KISII,SAMETA,66997,31829,35164,15658,"15,645 ", 13,79,847
NYAMIRA,,605576,290907,314656,150669,"150,499 ", 170,897,675
NYAMIRA,BORABU,73167,36736,36431,19468,"19,404 ", 64,247,296
NYAMIRA,MANGA,94209,44868,49339,23869,"23,836 ", 33,111,845
NYAMIRA,MASABA NORTH,111860,52884,58974,27913,"27,904 ", 9,142,789
NYAMIRA,NYAMIRA NORTH,167267,80314,86947,40446,"40,396 ", 50,216,775
NYAMIRA,NYAMIRA SOUTH,159073,76105,82965,38973,"38,959 ", 14,182,876
NAIROBI CITY,,4397073,2192452,2204376,1506888,"1,494,676 "," 12,212",704,6247
NAIROBI CITY,DAGORETTI,434208,217651,216526,155089,"154,949 ", 140,29,14908
NAIROBI CITY,EMBAKASI,988808,492476,496270,347955,"346,462 "," 1,493",86,11460
NAIROBI CITY,KAMUKUNJI,268276,136670,131599,84365,"83,680 ", 685,11,25455
NAIROBI CITY,KASARANI,780656,381234,399385,271290,"268,611 "," 2,679",86,9063
NAIROBI CITY,KIBRA,185777,94199,91569,61690,"61,651 ", 39,12,15311
NAIROBI CITY,LANG'ATA,197489,96698,100774,62239,"60,187 "," 2,052",217,911
NAIROBI CITY,MAKADARA,189536,96369,93157,70361,"70,080 ", 281,12,16150
NAIROBI CITY,MATHARE,206564,106522,100028,74967,"74,967 ", -,3,68940
NAIROBI CITY,NJIRU,626482,307642,318809,204563,"204,492 ", 71,130,4821
NAIROBI CITY,STAREHE,210423,109173,101238,69389,"66,108 "," 3,281",21,10205
NAIROBI CITY,WESTLANDS,308854,153818,155021,104980,"103,489 "," 1,491",98,3167