County/ Sub-County,Total NO,At School/ Learning Institution Number,At School/ Learning Institution per cent,"Left School/ Learning Institution
  After Completion Number","Left School/ Learning Institution
  After Completion per cent","Left School/ Learning Institution
  Before Completion Number","Left School/ Learning Institution
  Before per cent","Never Been to School/ Learning
  Institution Number","Never Been to School/ Learning
  Institution per cent",Dont know Number,Dont know per cent,Not Stated Number
KENYA,43739906,17780277,40.7,11568544,26.4,6854538,15.7,7120542,16.3,406887,0.9,9118
Rural,30253083,12922660,42.7,6023054,19.9,5088656,16.8,5940009,19.6,273416,0.9,5288
Urban,13486823,4857617,36,5545490,41.1,1765882,13.1,1180533,8.8,133471,1,3830
Male,21574077,9040318,41.9,5910664,27.4,3172382,14.7,3223856,14.9,222301,1,4556
Female,22164531,8739524,39.4,5657565,25.5,3681910,16.6,3896417,17.6,184558,0.8,4557
Intersex,1298,435,33.5,315,24.3,246,19,269,20.7,28,2.2,5
MOMBASA,1100173,378423,34.4,457603,41.6,153982,14,101097,9.2,8817,0.8,251
Male,552476,189490,34.3,243173,44,74382,13.5,40253,7.3,5043,0.9,135
Female,547681,188930,34.5,214424,39.2,79596,14.5,60843,11.1,3772,0.7,116
CHANGAMWE,121334,39032,32.2,58097,47.9,16205,13.4,6940,5.7,1048,0.9,12
Male,63184,19482,30.8,31918,50.5,8157,12.9,2976,4.7,647,1,4
Female,58150,19550,33.6,26179,45,8048,13.8,3964,6.8,401,0.7,8
JOMVU,149699,51892,34.7,64235,42.9,19430,13,13416,9,698,0.5,28
Male,75931,26020,34.3,34362,45.3,9689,12.8,5424,7.1,422,0.6,14
Female,73765,25872,35.1,29872,40.5,9739,13.2,7992,10.8,276,0.4,14
KISAUNI,263742,95844,36.3,102940,39,37450,14.2,25182,9.5,2257,0.9,69
Male,131351,48136,36.6,54063,41.2,18051,13.7,9748,7.4,1315,1,38
Female,132388,47707,36,48876,36.9,19399,14.7,15434,11.7,941,0.7,31
LIKONI,228472,79083,34.6,90079,39.4,34337,15,23434,10.3,1516,0.7,23
Male,115784,39336,34,49230,42.5,16522,14.3,9784,8.5,897,0.8,15
Female,112685,39746,35.3,40849,36.3,17814,15.8,13650,12.1,618,0.5,8
MVITA,138927,46714,33.6,54731,39.4,18229,13.1,17745,12.8,1441,1,67
Male,66589,23515,35.3,27476,41.3,8307,12.5,6515,9.8,736,1.1,40
Female,72336,23198,32.1,27255,37.7,9922,13.7,11229,15.5,705,1,27
NYALI,197999,65858,33.3,87521,44.2,28331,14.3,14380,7.3,1857,0.9,52
Male,99637,33001,33.1,46124,46.3,13656,13.7,5806,5.8,1026,1,24
Female,98357,32857,33.4,41393,42.1,14674,14.9,8574,8.7,831,0.8,28
KWALE,783189,334612,42.7,152178,19.4,98811,12.6,192001,24.5,5418,0.7,169
Male,382538,171696,44.9,83012,21.7,49352,12.9,75281,19.7,3108,0.8,89
Female,400636,162911,40.7,69162,17.3,49457,12.3,116716,29.1,2310,0.6,80
KINANGO,84534,38765,45.9,9817,11.6,9969,11.8,25594,30.3,372,0.4,17
Male,40445,20011,49.5,5412,13.4,5040,12.5,9783,24.2,192,0.5,7
Female,44088,18753,42.5,4405,10,4929,11.2,15811,35.9,180,0.4,10
LUNGA LUNGA,180056,76787,42.6,22030,12.2,23394,13,55779,31,2056,1.1,10
Male,87893,39663,45.1,12198,13.9,12070,13.7,22798,25.9,1158,1.3,6
Female,92161,37124,40.3,9831,10.7,11324,12.3,32980,35.8,898,1,4
MATUGA,177675,76734,43.2,40378,22.7,22561,12.7,37190,20.9,771,0.4,41
Male,87377,39476,45.2,21744,24.9,11056,12.7,14610,16.7,469,0.5,22
Female,90296,37257,41.3,18633,20.6,11505,12.7,22580,25,302,0.3,19
MSAMBWENI,159936,61075,38.2,52123,32.6,22798,14.3,22665,14.2,1245,0.8,30
Male,80181,30868,38.5,28037,35,11099,13.8,9381,11.7,777,1,19
Female,79752,30206,37.9,24085,30.2,11698,14.7,13284,16.7,468,0.6,11
SAMBURU,180988,81251,44.9,27830,15.4,20089,11.1,50773,28.1,974,0.5,71
Male,86642,41678,48.1,15621,18,10087,11.6,18709,21.6,512,0.6,35
Female,94339,39571,41.9,12208,12.9,10001,10.6,32061,34,462,0.5,36
KILIFI,1323664,605776,45.8,282538,21.3,175199,13.2,250280,18.9,9634,0.7,237
Male,636891,308926,48.5,154263,24.2,86075,13.5,82303,12.9,5214,0.8,110
Female,686754,296841,43.2,128273,18.7,89122,13,167972,24.5,4420,0.6,126
CHONYI,57246,28875,50.4,8612,15,7410,12.9,12060,21.1,289,0.5,-
Male,26917,14936,55.5,4814,17.9,3513,13.1,3509,13,145,0.5,-
Female,30328,13938,46,3798,12.5,3897,12.8,8551,28.2,144,0.5,-
GANZE,131101,67193,51.3,14842,11.3,13191,10.1,35066,26.7,761,0.6,48
Male,60552,34222,56.5,7843,13,6804,11.2,11272,18.6,391,0.6,20
Female,70546,32969,46.7,6999,9.9,6387,9.1,23793,33.7,370,0.5,28
KALOLENI,176734,80964,45.8,32710,18.5,20914,11.8,40720,23,1369,0.8,57
Male,83996,41402,49.3,17946,21.4,10588,12.6,13331,15.9,705,0.8,24
Female,92733,39559,42.7,14764,15.9,10326,11.1,27388,29.5,664,0.7,32
KAUMA,20821,10969,52.7,3354,16.1,1753,8.4,4517,21.7,228,1.1,-
Male,10054,5659,56.3,2004,19.9,865,8.6,1421,14.1,105,1,-
Female,10767,5310,49.3,1350,12.5,888,8.2,3096,28.8,123,1.1,-
KILIFI NORTH,162990,72834,44.7,40268,24.7,24984,15.3,23855,14.6,1040,0.6,9
Male,78763,36930,46.9,21544,27.4,12190,15.5,7498,9.5,597,0.8,4
Female,84225,35902,42.6,18724,22.2,12794,15.2,16357,19.4,443,0.5,5
KILIFI SOUTH,187663,76984,41,53927,28.7,28002,14.9,26646,14.2,2092,1.1,12
Male,91863,39007,42.5,29022,31.6,13465,14.7,9225,10,1137,1.2,7
Female,95799,37977,39.6,24904,26,14537,15.2,17421,18.2,955,1,5
MAGARINI,174553,86722,49.7,24896,14.3,22469,12.9,39884,22.8,562,0.3,20
Male,84429,44425,52.6,14412,17.1,11450,13.6,13822,16.4,307,0.4,13
Female,90124,42297,46.9,10484,11.6,11019,12.2,26062,28.9,255,0.3,7
MALINDI,301205,132098,43.9,76156,25.3,43748,14.5,46878,15.6,2241,0.7,84
Male,146545,67256,45.9,41483,28.3,21034,14.4,15451,10.5,1282,0.9,39
Female,154653,64841,41.9,34672,22.4,22712,14.7,31424,20.3,959,0.6,45
RABAI,111351,49137,44.1,27773,24.9,12728,11.4,20654,18.5,1052,0.9,7
Male,53772,25089,46.7,15195,28.3,6166,11.5,6774,12.6,545,1,3
Female,57579,24048,41.8,12578,21.8,6562,11.4,13880,24.1,507,0.9,4
TANA RIVER,284605,95997,33.7,32815,11.5,29062,10.2,125160,44,1445,0.5,126
Male,142087,50470,35.5,19351,13.6,14502,10.2,56872,40,835,0.6,57
Female,142516,45527,31.9,13464,9.4,14560,10.2,68287,47.9,609,0.4,69
TANA DELTA,99792,38308,38.4,11589,11.6,10687,10.7,38778,38.9,384,0.4,46
Male,50066,19808,39.6,6810,13.6,5371,10.7,17832,35.6,229,0.5,16
Female,49726,18500,37.2,4779,9.6,5316,10.7,20946,42.1,155,0.3,30
TANA NORTH,105495,28681,27.2,10250,9.7,7843,7.4,57968,54.9,724,0.7,29
Male,53199,15776,29.7,6284,11.8,4254,8,26472,49.8,396,0.7,17
Female,52294,12905,24.7,3966,7.6,3589,6.9,31495,60.2,327,0.6,12
TANA RIVER,79318,29008,36.6,10976,13.8,10532,13.3,28414,35.8,337,0.4,51
Male,38822,14886,38.3,6257,16.1,4877,12.6,12568,32.4,210,0.5,24
Female,40496,14122,34.9,4719,11.7,5655,14,15846,39.1,127,0.3,27
LAMU,130991,50249,38.4,30833,23.5,22762,17.4,26325,20.1,786,0.6,36
Male,69111,25969,37.6,18933,27.4,11830,17.1,11888,17.2,472,0.7,19
Female,61877,24278,39.2,11899,19.2,10932,17.7,14437,23.3,314,0.5,17
LAMU EAST,20637,7592,36.8,4029,19.5,4189,20.3,4745,23,82,0.4,-
Male,10805,3866,35.8,2599,24.1,2164,20,2112,19.5,64,0.6,-
Female,9832,3726,37.9,1430,14.5,2025,20.6,2633,26.8,18,0.2,-
LAMU WEST,110354,42657,38.7,26804,24.3,18573,16.8,21580,19.6,704,0.6,36
Male,58306,22103,37.9,16334,28,9666,16.6,9776,16.8,408,0.7,19
Female,52045,20552,39.5,10469,20.1,8907,17.1,11804,22.7,296,0.6,17
TAITA/TAVETA,312593,116381,37.2,118731,38,47998,15.4,28128,9,1286,0.4,69
Male,158230,59272,37.5,63137,39.9,23804,15,11239,7.1,744,0.5,34
Female,154357,57108,37,55594,36,24190,15.7,16888,10.9,542,0.4,35
MWATATE,76078,28635,37.6,27675,36.4,12851,16.9,6765,8.9,143,0.2,9
Male,38672,14632,37.8,14867,38.4,6443,16.7,2638,6.8,87,0.2,5
Female,37404,14002,37.4,12808,34.2,6408,17.1,4126,11,56,0.1,4
TAITA,52345,19302,36.9,22153,42.3,6632,12.7,4059,7.8,197,0.4,2
Male,26495,9800,37,11852,44.7,3242,12.2,1503,5.7,98,0.4,-
Female,25850,9502,36.8,10301,39.8,3390,13.1,2556,9.9,99,0.4,2
TAVETA,82789,31879,38.5,25884,31.3,15410,18.6,9009,10.9,585,0.7,22
Male,42548,16342,38.4,13891,32.6,7929,18.6,4016,9.4,361,0.8,9
Female,40241,15537,38.6,11993,29.8,7481,18.6,4993,12.4,224,0.6,13
VOI,101381,36565,36.1,43019,42.4,13105,12.9,8295,8.2,361,0.4,36
Male,50515,18498,36.6,22527,44.6,6190,12.3,3082,6.1,198,0.4,20
Female,50862,18067,35.5,20492,40.3,6911,13.6,5213,10.2,163,0.3,16
GARISSA,778006,132990,17.1,23144,3,9508,1.2,584730,75.2,27479,3.5,155
Male,425411,77489,18.2,15400,3.6,5309,1.2,311556,73.2,15564,3.7,93
Female,352563,55497,15.7,7744,2.2,4198,1.2,273149,77.5,11913,3.4,62
BALAMBALA,30885,2740,8.9,653,2.1,142,0.5,26934,87.2,416,1.3,-
Male,19392,1692,8.7,585,3,114,0.6,16721,86.2,280,1.4,-
Female,11492,1048,9.1,68,0.6,28,0.2,10212,88.9,136,1.2,-
DADAAB,171529,20883,12.2,3254,1.9,1479,0.9,138363,80.7,7491,4.4,59
Male,91581,12354,13.5,2330,2.5,812,0.9,71639,78.2,4404,4.8,42
Female,79942,8529,10.7,924,1.2,667,0.8,66718,83.5,3087,3.9,17
FAFI,123861,15237,12.3,2351,1.9,1334,1.1,102021,82.4,2895,2.3,23
Male,67143,8847,13.2,1570,2.3,756,1.1,54524,81.2,1432,2.1,14
Female,56708,6389,11.3,781,1.4,577,1,47489,83.7,1463,2.6,9
GARISSA,148891,40562,27.2,12093,8.1,4244,2.9,86046,57.8,5898,4,48
Male,75234,22526,29.9,7644,10.2,2271,3,39777,52.9,2994,4,22
Female,73652,18033,24.5,4449,6,1973,2.7,46268,62.8,2903,3.9,26
HULUGHO,124947,19993,16,1347,1.1,1038,0.8,99237,79.4,3324,2.7,8
Male,73417,12290,16.7,910,1.2,598,0.8,57522,78.3,2092,2.8,5
Female,51525,7703,15,437,0.8,440,0.9,41710,81,1232,2.4,3
IJARA,131571,28963,22,3063,2.3,1029,0.8,91781,69.8,6718,5.1,17
Male,75484,17366,23,2113,2.8,615,0.8,51387,68.1,3993,5.3,10
Female,56083,11597,20.7,950,1.7,414,0.7,40391,72,2724,4.9,7
LAGDERA,46322,4612,10,383,0.8,242,0.5,40348,87.1,737,1.6,-
Male,23160,2414,10.4,248,1.1,143,0.6,19986,86.3,369,1.6,-
Female,23161,2198,9.5,135,0.6,99,0.4,20361,87.9,368,1.6,-
WAJIR,711571,132611,18.6,13792,1.9,5489,0.8,549406,77.2,10209,1.4,64
Male,379557,75637,19.9,9423,2.5,3224,0.8,285684,75.3,5548,1.5,41
Female,331969,56970,17.2,4369,1.3,2265,0.7,263682,79.4,4660,1.4,23
BUNA,44083,6081,13.8,478,1.1,179,0.4,36483,82.8,862,2,-
Male,23847,3410,14.3,320,1.3,113,0.5,19535,81.9,469,2,-
Female,20234,2671,13.2,158,0.8,66,0.3,16946,83.8,393,1.9,-
ELDAS,82187,14237,17.3,851,1,450,0.5,65185,79.3,1464,1.8,-
Male,41866,7706,18.4,532,1.3,239,0.6,32637,78,752,1.8,-
Female,40314,6531,16.2,319,0.8,211,0.5,32541,80.7,712,1.8,-
HABASWEIN,158790,35144,22.1,3024,1.9,1340,0.8,118608,74.7,650,0.4,24
Male,86244,20991,24.3,2111,2.4,748,0.9,62022,71.9,360,0.4,12
Female,72531,14153,19.5,913,1.3,592,0.8,56572,78,289,0.4,12
TARBAJ,50653,6525,12.9,424,0.8,271,0.5,43113,85.1,320,0.6,-
Male,24262,3311,13.6,303,1.2,135,0.6,20353,83.9,160,0.7,-
Female,26386,3213,12.2,121,0.5,136,0.5,22756,86.2,160,0.6,-
WAJIR EAST,101247,25940,25.6,5590,5.5,1791,1.8,65460,64.7,2439,2.4,27
Male,54136,14536,26.9,3748,6.9,1075,2,33462,61.8,1293,2.4,22
Female,47109,11403,24.2,1842,3.9,716,1.5,31997,67.9,1146,2.4,5
WAJIR NORTH,55799,9690,17.4,827,1.5,354,0.6,43773,78.4,1155,2.1,-
Male,28905,5301,18.3,576,2,227,0.8,22201,76.8,600,2.1,-
Female,26888,4389,16.3,251,0.9,127,0.5,21566,80.2,555,2.1,-
WAJIR SOUTH,107634,15891,14.8,1313,1.2,557,0.5,88448,82.2,1412,1.3,13
Male,60030,9675,16.1,922,1.5,346,0.6,48347,80.5,733,1.2,7
Female,47602,6215,13.1,391,0.8,211,0.4,40100,84.2,679,1.4,6
WAJIR WEST,111178,19103,17.2,1285,1.2,547,0.5,88336,79.5,1907,1.7,-
Male,60267,10707,17.8,911,1.5,341,0.6,47127,78.2,1181,2,-
Female,50905,8395,16.5,374,0.7,206,0.4,41204,80.9,726,1.4,-
MANDERA,775085,168647,21.8,21483,2.8,7222,0.9,555819,71.7,21776,2.8,138
Male,391182,90664,23.2,14204,3.6,4118,1.1,271252,69.3,10871,2.8,73
Female,383873,77980,20.3,7279,1.9,3104,0.8,284543,74.1,10902,2.8,65
MANDERA WEST,86713,22717,26.2,1501,1.7,596,0.7,60134,69.3,1761,2,4
Male,42666,11917,27.9,1001,2.3,364,0.9,28586,67,796,1.9,2
Female,44045,10800,24.5,500,1.1,232,0.5,31546,71.6,965,2.2,2
BANISA,135664,20564,15.2,1603,1.2,536,0.4,110225,81.2,2735,2,1
Male,70366,11647,16.6,1130,1.6,309,0.4,55978,79.6,1302,1.9,-
Female,65291,8916,13.7,473,0.7,227,0.3,54241,83.1,1433,2.2,1
KOTULO,63722,16578,26,1667,2.6,562,0.9,43739,68.6,1176,1.8,-
Male,31894,8797,27.6,1033,3.2,299,0.9,21127,66.2,638,2,-
Female,31826,7780,24.4,634,2,263,0.8,22611,71,538,1.7,-
LAFEY,74593,12181,16.3,928,1.2,395,0.5,58134,77.9,2954,4,1
Male,36424,6112,16.8,602,1.7,230,0.6,28026,76.9,1453,4,1
Female,38164,6069,15.9,326,0.9,165,0.4,30104,78.9,1500,3.9,-
MANDERA CENTRAL,140725,34878,24.8,3761,2.7,1536,1.1,96339,68.5,4079,2.9,132
Male,64682,16936,26.2,2304,3.6,827,1.3,42601,65.9,1944,3,70
Female,76039,17941,23.6,1457,1.9,709,0.9,53735,70.7,2135,2.8,62
MANDERA EAST,144168,36560,25.4,9290,6.4,2707,1.9,89821,62.3,5790,4,-
Male,75335,20910,27.8,6289,8.3,1545,2.1,43543,57.8,3048,4,-
Female,68829,15650,22.7,3001,4.4,1162,1.7,46275,67.2,2741,4,-
MANDERA NORTH,129500,25169,19.4,2733,2.1,890,0.7,97427,75.2,3281,2.5,-
Male,69815,14345,20.5,1845,2.6,544,0.8,51391,73.6,1690,2.4,-
Female,59679,10824,18.1,888,1.5,346,0.6,46031,77.1,1590,2.7,-
MARSABIT,409629,108132,26.4,25727,6.3,12494,3.1,259725,63.4,3335,0.8,216
Male,215220,55636,25.9,16016,7.4,7160,3.3,134525,62.5,1773,0.8,110
Female,194392,52492,27,9711,5,5334,2.7,125190,64.4,1559,0.8,106
LOIYANGALANI,31574,6673,21.1,964,3.1,634,2,23141,73.3,162,0.5,-
Male,15401,3177,20.6,665,4.3,313,2,11165,72.5,81,0.5,-
Female,16171,3495,21.6,299,1.8,321,2,11975,74.1,81,0.5,-
MARSABIT CENTRAL,71619,27959,39,10705,14.9,4347,6.1,27481,38.4,1127,1.6,-
Male,36892,14078,38.2,6237,16.9,2487,6.7,13490,36.6,600,1.6,-
Female,34716,13879,40,4468,12.9,1860,5.4,13985,40.3,524,1.5,-
MARSABIT NORTH,45650,10319,22.6,1294,2.8,663,1.5,33120,72.6,254,0.6,-
Male,24849,5133,20.7,844,3.4,398,1.6,18336,73.8,138,0.6,-
Female,20800,5186,24.9,450,2.2,265,1.3,14783,71.1,116,0.6,-
MARSABIT SOUTH,59493,11620,19.5,2332,3.9,1036,1.7,44228,74.3,266,0.4,11
Male,30146,5659,18.8,1515,5,522,1.7,22303,74,141,0.5,6
Female,29347,5961,20.3,817,2.8,514,1.8,21925,74.7,125,0.4,5
MOYALE,97766,32258,33,6761,6.9,4004,4.1,54087,55.3,645,0.7,11
Male,50613,17428,34.4,4279,8.5,2311,4.6,26273,51.9,316,0.6,6
Female,47152,14830,31.5,2482,5.3,1693,3.6,27813,59,329,0.7,5
NORTH HORR,62863,6587,10.5,1355,2.2,467,0.7,53912,85.8,354,0.6,188
Male,35980,3481,9.7,975,2.7,335,0.9,30884,85.8,210,0.6,95
Female,26881,3105,11.6,380,1.4,132,0.5,23027,85.7,144,0.5,93
SOLOLO,40664,12716,31.3,2316,5.7,1343,3.3,23756,58.4,527,1.3,6
Male,21339,6680,31.3,1501,7,794,3.7,12074,56.6,287,1.3,3
Female,19325,6036,31.2,815,4.2,549,2.8,11682,60.5,240,1.2,3
ISIOLO,245462,79881,32.5,34817,14.2,14485,5.9,114759,46.8,1483,0.6,37
Male,128141,40960,32,19823,15.5,7599,5.9,58852,45.9,886,0.7,21
Female,117317,38920,33.2,14994,12.8,6886,5.9,55904,47.7,597,0.5,16
GARBATULLA,92227,25147,27.3,6186,6.7,2946,3.2,57317,62.1,619,0.7,12
Male,50808,13233,26,3875,7.6,1721,3.4,31581,62.2,390,0.8,8
Female,41418,11914,28.8,2311,5.6,1225,3,25735,62.1,229,0.6,4
ISIOLO,110631,41522,37.5,25668,23.2,9942,9,32798,29.6,676,0.6,25
Male,55148,21157,38.4,14100,25.6,4967,9,14530,26.3,381,0.7,13
Female,55483,20365,36.7,11568,20.8,4975,9,18268,32.9,295,0.5,12
MERTI,42604,13212,31,2963,7,1597,3.7,24644,57.8,188,0.4,-
Male,22185,6570,29.6,1848,8.3,911,4.1,12741,57.4,115,0.5,-
Female,20416,6641,32.5,1115,5.5,686,3.4,11901,58.3,73,0.4,-
MERU,1436400,554475,38.6,360142,25.1,301441,21,205961,14.3,13999,1,382
Male,711224,277202,39,179720,25.3,153600,21.6,92010,12.9,8488,1.2,204
Female,725139,277259,38.2,180414,24.9,147834,20.4,113943,15.7,5511,0.8,178
BUURI EAST,71784,25158,35,26395,36.8,13320,18.6,6405,8.9,474,0.7,32
Male,35691,12796,35.9,13183,36.9,6793,19,2551,7.1,350,1,18
Female,36093,12362,34.3,13212,36.6,6527,18.1,3854,10.7,124,0.3,14
BUURI WEST,75344,26396,35,28001,37.2,14238,18.9,6250,8.3,451,0.6,8
Male,37726,13326,35.3,14054,37.3,7255,19.2,2784,7.4,304,0.8,3
Female,37616,13070,34.7,13945,37.1,6983,18.6,3466,9.2,147,0.4,5
IGEMBE CENTRAL,204412,84771,41.5,24445,12,50589,24.7,41948,20.5,2617,1.3,42
Male,102059,42142,41.3,12198,12,26267,25.7,19844,19.4,1586,1.6,22
Female,102349,42628,41.6,12247,12,24320,23.8,22103,21.6,1031,1,20
IGEMBE NORTH,156536,66151,42.3,16939,10.8,29927,19.1,41455,26.5,2014,1.3,50
Male,76912,32652,42.5,8458,11,15242,19.8,19353,25.2,1179,1.5,28
Female,79620,33496,42.1,8481,10.7,14685,18.4,22101,27.8,835,1,22
IGEMBE SOUTH,149522,56443,37.7,26006,17.4,37957,25.4,26764,17.9,2296,1.5,56
Male,74030,27641,37.3,12675,17.1,19443,26.3,12779,17.3,1462,2,30
Female,75484,28799,38.2,13331,17.7,18512,24.5,13982,18.5,834,1.1,26
IMENTI NORTH,162829,55511,34.1,70530,43.3,25379,15.6,10294,6.3,1061,0.7,54
Male,80497,27661,34.4,35275,43.8,12726,15.8,4141,5.1,660,0.8,34
Female,82328,27849,33.8,35252,42.8,12653,15.4,6153,7.5,401,0.5,20
IMENTI SOUTH,193742,67801,35,65743,33.9,43429,22.4,15235,7.9,1517,0.8,17
Male,96744,34365,35.5,32750,33.9,22385,23.1,6375,6.6,861,0.9,8
Female,96993,33434,34.5,32992,34,21042,21.7,8860,9.1,656,0.7,9
MERU CENTRAL,125670,44995,35.8,44593,35.5,24179,19.2,11085,8.8,767,0.6,51
Male,62757,22798,36.3,22862,36.4,12397,19.8,4212,6.7,463,0.7,25
Female,62910,22197,35.3,21729,34.5,11781,18.7,6873,10.9,304,0.5,26
TIGANIA CENTRAL,97405,41347,42.4,16145,16.6,23752,24.4,15311,15.7,847,0.9,3
Male,48073,20788,43.2,8154,17,11944,24.8,6693,13.9,492,1,2
Female,49332,20559,41.7,7991,16.2,11808,23.9,8618,17.5,355,0.7,1
TIGANIA EAST,67622,29551,43.7,11368,16.8,11938,17.7,13941,20.6,769,1.1,55
Male,32914,14531,44.1,5713,17.4,5873,17.8,6350,19.3,418,1.3,29
Female,34705,15018,43.3,5655,16.3,6065,17.5,7590,21.9,351,1,26
TIGANIA WEST,130798,56289,43,29571,22.6,26565,20.3,17173,13.1,1186,0.9,14
Male,63209,28468,45,14059,22.2,13125,20.8,6839,10.8,713,1.1,5
Female,67585,27819,41.2,15512,23,13440,19.9,10332,15.3,473,0.7,9
MERU NATIONAL PARK,294,44,15,229,77.9,6,2,15,5.1,-,-,-
Male,219,21,9.6,184,84,5,2.3,9,4.1,-,-,-
Female,75,23,30.7,45,60,1,1.3,6,8,-,-,-
MT. KENYA FOREST,442,18,4.1,177,40,162,36.7,85,19.2,-,-,-
Male,393,13,3.3,155,39.4,145,36.9,80,20.4,-,-,-
Female,49,5,10.2,22,44.9,17,34.7,5,10.2,-,-,-
THARAKA-NITHI,367574,144933,39.4,96834,26.3,82897,22.6,39296,10.7,3543,1,71
Male,180692,73509,40.7,48177,26.7,40913,22.6,16089,8.9,1966,1.1,38
Female,186875,71422,38.2,48655,26,41983,22.5,23205,12.4,1577,0.8,33
IGAMBANG'OMBE,49368,20369,41.3,9492,19.2,13284,26.9,5664,11.5,544,1.1,15
Male,24367,10393,42.7,4749,19.5,6639,27.2,2257,9.3,320,1.3,9
Female,25000,9976,39.9,4743,19,6644,26.6,3407,13.6,224,0.9,6
MAARA,108517,37866,34.9,36716,33.8,25656,23.6,7384,6.8,882,0.8,13
Male,54491,19356,35.5,18647,34.2,12805,23.5,3192,5.9,485,0.9,6
Female,54026,18510,34.3,18069,33.4,12851,23.8,4192,7.8,397,0.7,7
MERU SOUTH,85236,30872,36.2,29636,34.8,18458,21.7,5550,6.5,699,0.8,21
Male,41988,15688,37.4,14662,34.9,9028,21.5,2180,5.2,420,1,10
Female,43246,15183,35.1,14973,34.6,9430,21.8,3370,7.8,279,0.6,11
THARAKA NORTH,54321,23967,44.1,7847,14.4,10367,19.1,10996,20.2,1127,2.1,17
Male,26290,12019,45.7,3891,14.8,5124,19.5,4679,17.8,567,2.2,10
Female,28029,11947,42.6,3956,14.1,5243,18.7,6316,22.5,560,2,7
THARAKA SOUTH,69972,31795,45.4,13065,18.7,15120,21.6,9696,13.9,291,0.4,5
Male,33482,16040,47.9,6177,18.4,7310,21.8,3778,11.3,174,0.5,3
Female,36488,15755,43.2,6887,18.9,7810,21.4,5917,16.2,117,0.3,2
MT. KENYA FOREST,160,64,40,78,48.8,12,7.5,6,3.8,-,-,-
Male,74,13,17.6,51,68.9,7,9.5,3,4.1,-,-,-
Female,86,51,59.3,27,31.4,5,5.8,3,3.5,-,-,-
EMBU,568228,205389,36.1,180500,31.8,131329,23.1,48555,8.5,2404,0.4,51
Male,283024,104132,36.8,90744,32.1,67774,23.9,18822,6.7,1530,0.5,22
Female,285182,101251,35.5,89746,31.5,63552,22.3,29730,10.4,874,0.3,29
EMBU EAST,122079,41231,33.8,38387,31.4,31506,25.8,10483,8.6,469,0.4,3
Male,60807,20990,34.5,19236,31.6,16193,26.6,4112,6.8,275,0.5,1
Female,61270,20240,33,19150,31.3,15313,25,6371,10.4,194,0.3,2
EMBU NORTH,75194,25255,33.6,24666,32.8,18336,24.4,6717,8.9,216,0.3,4
Male,37443,13147,35.1,12344,33,9327,24.9,2497,6.7,127,0.3,1
Female,37748,12108,32.1,12321,32.6,9009,23.9,4218,11.2,89,0.2,3
EMBU WEST,116797,38642,33.1,47698,40.8,22991,19.7,6955,6,502,0.4,9
Male,57297,19180,33.5,23246,40.6,11853,20.7,2699,4.7,314,0.5,5
Female,59491,19461,32.7,24447,41.1,11135,18.7,4256,7.2,188,0.3,4
MBEERE SOUTH,152697,58147,38.1,45348,29.7,34852,22.8,13558,8.9,762,0.5,30
Male,77699,29539,38,23666,30.5,18558,23.9,5383,6.9,539,0.7,14
Female,74993,28606,38.1,21679,28.9,16294,21.7,8175,10.9,223,0.3,16
MBEERE NORTH,101440,42114,41.5,24381,24,23643,23.3,10842,10.7,455,0.4,5
Male,49760,21276,42.8,12235,24.6,11842,23.8,4131,8.3,275,0.6,1
Female,51677,20836,40.3,12146,23.5,11801,22.8,6710,13,180,0.3,4
MT. KENYA FOREST,21,-,-,20,95.2,1,4.8,-,-,-,-,-
Male,18,-,-,17,94.4,1,5.6,-,-,-,-,-
Female,3,-,-,3,100,-,-,-,-,-,-,-
KITUI,1056907,490726,46.4,265238,25.1,152030,14.4,136969,13,11795,1.1,149
Male,508247,250178,49.2,127266,25,72606,14.3,51705,10.2,6431,1.3,61
Female,548634,240536,43.8,137968,25.1,79419,14.5,85259,15.5,5364,1,88
IKUTHA,77563,39676,51.2,15378,19.8,11877,15.3,9400,12.1,1229,1.6,3
Male,37282,20339,54.6,7295,19.6,5630,15.1,3409,9.1,607,1.6,2
Female,40281,19337,48,8083,20.1,6247,15.5,5991,14.9,622,1.5,1
KATULANI,44328,18641,42.1,13632,30.8,6425,14.5,4896,11,734,1.7,-
Male,21770,9635,44.3,6804,31.3,3163,14.5,1756,8.1,412,1.9,-
Female,22557,9006,39.9,6828,30.3,3261,14.5,3140,13.9,322,1.4,-
KISASI,43226,19501,45.1,10676,24.7,7396,17.1,5286,12.2,360,0.8,7
Male,21140,10112,47.8,5237,24.8,3653,17.3,1920,9.1,217,1,1
Female,22086,9389,42.5,5439,24.6,3743,16.9,3366,15.2,143,0.6,6
KITUI CENTRAL,97406,39644,40.7,35837,36.8,13394,13.8,7671,7.9,852,0.9,8
Male,47435,20082,42.3,17446,36.8,6621,14,2811,5.9,471,1,4
Female,49968,19562,39.1,18390,36.8,6772,13.6,4859,9.7,381,0.8,4
KITUI WEST,66202,29215,44.1,21826,33,8742,13.2,5922,8.9,497,0.8,-
Male,31558,14933,47.3,10062,31.9,4257,13.5,2024,6.4,282,0.9,-
Female,34643,14281,41.2,11764,34,4485,12.9,3898,11.3,215,0.6,-
KYUSO,71052,34600,48.7,12965,18.2,11286,15.9,11140,15.7,1053,1.5,8
Male,33864,17508,51.7,6135,18.1,5292,15.6,4367,12.9,560,1.7,2
Female,37187,17091,46,6830,18.4,5994,16.1,6773,18.2,493,1.3,6
LOWER YATTA,59184,26585,44.9,14826,25.1,9950,16.8,6806,11.5,1011,1.7,6
Male,29535,13784,46.7,7458,25.3,5045,17.1,2692,9.1,555,1.9,1
Female,29649,12801,43.2,7368,24.9,4905,16.5,4114,13.9,456,1.5,5
MATINYANI,44779,19193,42.9,14153,31.6,6715,15,4437,9.9,281,0.6,-
Male,21869,9909,45.3,6897,31.5,3394,15.5,1484,6.8,185,0.8,-
Female,22909,9284,40.5,7255,31.7,3321,14.5,2953,12.9,96,0.4,-
MIGWANI,73803,33664,45.6,23025,31.2,8964,12.1,7271,9.9,855,1.2,24
Male,34807,17222,49.5,10355,29.7,4174,12,2596,7.5,447,1.3,13
Female,38993,16440,42.2,12669,32.5,4790,12.3,4675,12,408,1,11
MUMONI,27319,13808,50.5,4787,17.5,4817,17.6,3647,13.3,258,0.9,2
Male,12732,6857,53.9,2213,17.4,2126,16.7,1399,11,135,1.1,2
Female,14587,6951,47.7,2574,17.6,2691,18.4,2248,15.4,123,0.8,-
MUTITU,51464,25958,50.4,8943,17.4,6259,12.2,9577,18.6,678,1.3,49
Male,24422,13084,53.6,4347,17.8,2920,12,3695,15.1,355,1.5,21
Female,27040,12872,47.6,4596,17,3339,12.3,5882,21.8,323,1.2,28
MUTITU NORTH,19815,9275,46.8,4869,24.6,2857,14.4,2657,13.4,152,0.8,5
Male,9620,4763,49.5,2437,25.3,1354,14.1,962,10,101,1,3
Female,10194,4511,44.3,2432,23.9,1503,14.7,1695,16.6,51,0.5,2
MUTOMO,105422,51247,48.6,21277,20.2,14541,13.8,17523,16.6,828,0.8,6
Male,50656,25989,51.3,10464,20.7,6943,13.7,6776,13.4,480,0.9,4
Female,54761,25256,46.1,10813,19.7,7597,13.9,10745,19.6,348,0.6,2
MWINGI CENTRAL,100501,46035,45.8,26978,26.8,13360,13.3,13107,13,1007,1,14
Male,48132,23501,48.8,12588,26.2,6252,13,5242,10.9,545,1.1,4
Female,52369,22534,43,14390,27.5,7108,13.6,7865,15,462,0.9,10
MWINGI EAST,79205,39172,49.5,14419,18.2,10957,13.8,13537,17.1,1103,1.4,17
Male,37382,19856,53.1,6738,18,4941,13.2,5281,14.1,562,1.5,4
Female,41818,19314,46.2,7680,18.4,6015,14.4,8255,19.7,541,1.3,13
NZAMBANI,43682,19051,43.6,12982,29.7,6592,15.1,4717,10.8,340,0.8,-
Male,21356,9831,46,6486,30.4,3137,14.7,1716,8,186,0.9,-
Female,22324,9220,41.3,6496,29.1,3454,15.5,3000,13.4,154,0.7,-
THAGICU,14025,6905,49.2,2593,18.5,2280,16.3,2182,15.6,65,0.5,-
Male,6591,3457,52.5,1210,18.4,1078,16.4,810,12.3,36,0.5,-
Female,7433,3447,46.4,1383,18.6,1202,16.2,1372,18.5,29,0.4,-
TSEIKURU,37931,18556,48.9,6072,16,5618,14.8,7193,19,492,1.3,-
Male,18096,9316,51.5,3094,17.1,2626,14.5,2765,15.3,295,1.6,-
Female,19835,9240,46.6,2978,15,2992,15.1,4428,22.3,197,1,-
MACHAKOS,1327172,505677,38.1,519446,39.1,203283,15.3,86929,6.5,11638,0.9,199
Male,661982,258981,39.1,262961,39.7,99048,15,34692,5.2,6197,0.9,103
Female,665162,246686,37.1,256474,38.6,104232,15.7,52234,7.9,5440,0.8,96
ATHI RIVER,295790,98497,33.3,151215,51.1,32500,11,10789,3.6,2662,0.9,127
Male,150511,49337,32.8,78486,52.1,15929,10.6,5253,3.5,1441,1,65
Female,145277,49159,33.8,72729,50.1,16571,11.4,5535,3.8,1221,0.8,62
KALAMA,51542,19779,38.4,19205,37.3,6915,13.4,5181,10.1,461,0.9,1
Male,25273,10196,40.3,9565,37.8,3216,12.7,2066,8.2,229,0.9,1
Female,26264,9582,36.5,9636,36.7,3699,14.1,3115,11.9,232,0.9,-
KANGUNDO,92505,35182,38,34196,37,17672,19.1,5041,5.4,412,0.4,2
Male,45935,18188,39.6,17431,37.9,8242,17.9,1855,4,218,0.5,1
Female,46569,16994,36.5,16765,36,9429,20.2,3186,6.8,194,0.4,1
KATHIANI,105562,42712,40.5,36686,34.8,18540,17.6,6877,6.5,734,0.7,13
Male,51709,22119,42.8,18110,35,8618,16.7,2445,4.7,411,0.8,6
Female,53849,20591,38.2,18575,34.5,9921,18.4,4432,8.2,323,0.6,7
MACHAKOS,158036,54322,34.4,75229,47.6,19480,12.3,7820,4.9,1170,0.7,15
Male,78763,27561,35,37985,48.2,9600,12.2,3024,3.8,584,0.7,9
Female,79267,26758,33.8,37241,47,9880,12.5,4796,6.1,586,0.7,6
MASINGA,138933,59688,43,38008,27.4,26094,18.8,13506,9.7,1621,1.2,16
Male,68657,30933,45.1,18453,26.9,12995,18.9,5404,7.9,863,1.3,9
Female,70274,28754,40.9,19555,27.8,13098,18.6,8102,11.5,758,1.1,7
MATUNGULU,151535,58093,38.3,56185,37.1,26731,17.6,8879,5.9,1639,1.1,8
Male,76123,29817,39.2,28908,38,12874,16.9,3618,4.8,904,1.2,2
Female,75408,28274,37.5,27276,36.2,13857,18.4,5261,7,734,1,6
MWALA,171999,69402,40.4,59957,34.9,27719,16.1,13925,8.1,985,0.6,11
Male,85399,36048,42.2,29913,35,13803,16.2,5114,6,513,0.6,8
Female,86597,33354,38.5,30043,34.7,13916,16.1,8809,10.2,472,0.5,3
YATTA,161270,68002,42.2,48765,30.2,27632,17.1,14911,9.2,1954,1.2,6
Male,79612,34782,43.7,24110,30.3,13771,17.3,5913,7.4,1034,1.3,2
Female,81657,33220,40.7,24654,30.2,13861,17,8998,11,920,1.1,4
MAKUENI,921168,395627,42.9,276206,30,165325,17.9,71509,7.8,12357,1.3,144
Male,453946,202949,44.7,135938,29.9,81353,17.9,26987,5.9,6657,1.5,62
Female,467204,192669,41.2,140265,30,83969,18,44519,9.5,5700,1.2,82
KATHONZWENI,74893,33164,44.3,21495,28.7,12469,16.6,6114,8.2,1647,2.2,4
Male,36846,17094,46.4,10424,28.3,6164,16.7,2307,6.3,855,2.3,2
Female,38044,16069,42.2,11070,29.1,6304,16.6,3807,10,792,2.1,2
KIBWEZI,182688,82524,45.2,46652,25.5,34188,18.7,16731,9.2,2573,1.4,20
Male,90350,42482,47,23054,25.5,16761,18.6,6608,7.3,1437,1.6,8
Female,92334,40039,43.4,23597,25.6,17427,18.9,10123,11,1136,1.2,12
KILUNGU,57412,25498,44.4,17145,29.9,9870,17.2,4293,7.5,593,1,13
Male,27241,12802,47,8021,29.4,4614,16.9,1537,5.6,261,1,6
Female,30170,12696,42.1,9124,30.2,5255,17.4,2756,9.1,332,1.1,7
MAKINDU,78427,33771,43.1,23198,29.6,13632,17.4,6705,8.5,1094,1.4,27
Male,38462,17300,45,11232,29.2,6669,17.3,2643,6.9,607,1.6,11
Female,39965,16471,41.2,11966,29.9,6963,17.4,4062,10.2,487,1.2,16
MAKUENI,121484,48433,39.9,43475,35.8,20754,17.1,7656,6.3,1162,1,4
Male,60589,24818,41,21905,36.2,10371,17.1,2852,4.7,642,1.1,1
Female,60893,23613,38.8,21570,35.4,10383,17.1,4804,7.9,520,0.9,3
MBOONI EAST,92210,39608,43,26985,29.3,16829,18.3,7480,8.1,1305,1.4,3
Male,45311,20632,45.5,13134,29,8175,18,2633,5.8,736,1.6,1
Female,46896,18975,40.5,13851,29.5,8654,18.5,4845,10.3,569,1.2,2
MBOONI WEST,96464,42564,44.1,27054,28,18984,19.7,6328,6.6,1526,1.6,8
Male,46405,21819,47,12650,27.3,8935,19.3,2246,4.8,752,1.6,3
Female,50058,20745,41.4,14403,28.8,10049,20.1,4082,8.2,774,1.5,5
MUKAA,100143,39315,39.3,34130,34.1,18394,18.4,7018,7,1254,1.3,32
Male,50574,20066,39.7,17528,34.7,9435,18.7,2821,5.6,711,1.4,13
Female,49569,19249,38.8,16602,33.5,8959,18.1,4197,8.5,543,1.1,19
NZAUI,117447,50750,43.2,36072,30.7,20205,17.2,9184,7.8,1203,1,33
Male,58168,25936,44.6,17990,30.9,10229,17.6,3340,5.7,656,1.1,17
Female,59275,24812,41.9,18082,30.5,9975,16.8,5843,9.9,547,0.9,16
NYANDARUA,594649,249756,42,199054,33.5,105160,17.7,38777,6.5,1836,0.3,66
Male,292917,128283,43.8,98748,33.7,50160,17.1,14653,5,1041,0.4,32
Female,301715,121466,40.3,100304,33.2,54994,18.2,24123,8,795,0.3,33
KINANGOP,103793,43363,41.8,33354,32.1,19541,18.8,7351,7.1,168,0.2,16
Male,50836,22094,43.5,16353,32.2,9382,18.5,2882,5.7,116,0.2,9
Female,52953,21268,40.2,17000,32.1,10158,19.2,4468,8.4,52,0.1,7
NYANDARUA SOUTH,87189,37199,42.7,29986,34.4,14567,16.7,5251,6,182,0.2,4
Male,42802,19039,44.5,14613,34.1,7050,16.5,1992,4.7,106,0.2,2
Female,44384,18158,40.9,15373,34.6,7516,16.9,3259,7.3,76,0.2,2
MIRANGINE,62731,26957,43,19491,31.1,11511,18.3,4621,7.4,144,0.2,7
Male,31220,13817,44.3,9849,31.5,5630,18,1833,5.9,88,0.3,3
Female,31510,13139,41.7,9642,30.6,5881,18.7,2788,8.8,56,0.2,4
KIPIPIRI,87881,38278,43.6,27710,31.5,15268,17.4,6377,7.3,234,0.3,14
Male,43161,19577,45.4,13860,32.1,7302,16.9,2298,5.3,118,0.3,6
Female,44718,18701,41.8,13850,31,7964,17.8,4079,9.1,116,0.3,8
NYANDARUA CENTRAL,69596,28484,40.9,23605,33.9,12828,18.4,4400,6.3,270,0.4,9
Male,34508,14750,42.7,11848,34.3,6081,17.6,1658,4.8,166,0.5,5
Female,35087,13733,39.1,11757,33.5,6747,19.2,2742,7.8,104,0.3,4
NYANDARUA WEST,91217,37017,40.6,31439,34.5,17344,19,5061,5.5,352,0.4,4
Male,45240,19269,42.6,15651,34.6,8221,18.2,1908,4.2,190,0.4,1
Female,45973,17746,38.6,15788,34.3,9121,19.8,3153,6.9,162,0.4,3
NYANDARUA NORTH,92228,38458,41.7,33455,36.3,14101,15.3,5716,6.2,486,0.5,12
Male,45140,19737,43.7,16564,36.7,6494,14.4,2082,4.6,257,0.6,6
Female,47086,18721,39.8,16890,35.9,7607,16.2,3634,7.7,229,0.5,5
ABERDARE NATIONAL PARK,14,-,-,14,100,-,-,-,-,-,-,-
Male,10,-,-,10,100,-,-,-,-,-,-,-
Female,4,-,-,4,100,-,-,-,-,-,-,-
NYERI,709353,253898,35.8,301927,42.6,113307,16,36036,5.1,4138,0.6,47
Male,348266,130417,37.4,150457,43.2,52289,15,12895,3.7,2180,0.6,28
Female,361061,123475,34.2,151460,41.9,61009,16.9,23140,6.4,1958,0.5,19
TETU,75931,26827,35.3,32415,42.7,12312,16.2,4121,5.4,254,0.3,2
Male,37083,13866,37.4,16314,44,5406,14.6,1370,3.7,126,0.3,1
Female,38846,12961,33.4,16099,41.4,6906,17.8,2751,7.1,128,0.3,1
KIENI EAST,102812,37003,36,44148,42.9,16204,15.8,5012,4.9,437,0.4,8
Male,51442,18863,36.7,22297,43.3,7941,15.4,2089,4.1,246,0.5,6
Female,51366,18139,35.3,21850,42.5,8261,16.1,2923,5.7,191,0.4,2
KIENI WEST,82829,31845,38.4,33177,40.1,12931,15.6,4335,5.2,536,0.6,5
Male,41026,16390,40,16583,40.4,6125,14.9,1633,4,292,0.7,3
Female,41798,15455,37,16590,39.7,6805,16.3,2702,6.5,244,0.6,2
MATHIRA EAST,93027,33214,35.7,39579,42.5,15655,16.8,4026,4.3,550,0.6,3
Male,44995,16909,37.6,19387,43.1,7031,15.6,1391,3.1,276,0.6,1
Female,48029,16305,33.9,20192,42,8621,17.9,2635,5.5,274,0.6,2
MATHIRA WEST,56676,19857,35,23194,40.9,10677,18.8,2723,4.8,217,0.4,8
Male,27860,10272,36.9,11742,42.1,4783,17.2,942,3.4,118,0.4,3
Female,28813,9585,33.3,11450,39.7,5893,20.5,1781,6.2,99,0.3,5
NYERI SOUTH,85827,30669,35.7,35818,41.7,13494,15.7,5441,6.3,403,0.5,2
Male,41443,15718,37.9,17671,42.6,6140,14.8,1688,4.1,225,0.5,1
Female,44383,14950,33.7,18147,40.9,7354,16.6,3753,8.5,178,0.4,1
MUKURWE-INI,83933,30159,35.9,31566,37.6,15892,18.9,5655,6.7,657,0.8,4
Male,41386,15861,38.3,15909,38.4,7390,17.9,1883,4.5,341,0.8,2
Female,42541,14296,33.6,15656,36.8,8500,20,3771,8.9,316,0.7,2
NYERI CENTRAL,128041,44275,34.6,61841,48.3,16110,12.6,4716,3.7,1084,0.8,15
Male,62843,22509,35.8,30425,48.4,7449,11.9,1893,3,556,0.9,11
Female,65196,21764,33.4,31416,48.2,8661,13.3,2823,4.3,528,0.8,4
MT. KENYA FOREST,178,44,24.7,101,56.7,29,16.3,4,2.2,-,-,-
Male,118,25,21.2,66,55.9,24,20.3,3,2.5,-,-,-
Female,60,19,31.7,35,58.3,5,8.3,1,1.7,-,-,-
ABERDARE FOREST,99,5,5.1,88,88.9,3,3,3,3,-,-,-
Male,70,4,5.7,63,90,-,-,3,4.3,-,-,-
Female,29,1,3.4,25,86.2,3,10.3,-,-,-,-,-
KIRINYAGA,571312,193518,33.9,199413,34.9,136968,24,37445,6.6,3931,0.7,37
Male,281556,98661,35,100582,35.7,67459,24,12577,4.5,2256,0.8,21
Female,289729,94852,32.7,98822,34.1,69497,24,24867,8.6,1675,0.6,16
KIRINYAGA CENTRAL,114807,38430,33.5,44653,38.9,23571,20.5,7105,6.2,1045,0.9,3
Male,55919,19502,34.9,22314,39.9,11449,20.5,2062,3.7,590,1.1,2
Female,58884,18927,32.1,22337,37.9,12121,20.6,5043,8.6,455,0.8,1
KIRINYAGA EAST,127964,41819,32.7,43513,34,33261,26,8620,6.7,731,0.6,20
Male,63267,21314,33.7,22222,35.1,16536,26.1,2760,4.4,423,0.7,12
Female,64689,20504,31.7,21289,32.9,16720,25.8,5860,9.1,308,0.5,8
KIRINYAGA WEST,107763,37514,34.8,41086,38.1,21824,20.3,6793,6.3,543,0.5,3
Male,52630,19180,36.4,20574,39.1,10450,19.9,2156,4.1,268,0.5,2
Female,55129,18333,33.3,20511,37.2,11373,20.6,4636,8.4,275,0.5,1
MWEA EAST,122344,40992,33.5,40192,32.9,31782,26,8308,6.8,1061,0.9,9
Male,60740,20775,34.2,20158,33.2,15823,26.1,3335,5.5,644,1.1,5
Female,61598,20216,32.8,20033,32.5,15955,25.9,4973,8.1,417,0.7,4
MWEA WEST,98400,34760,35.3,29941,30.4,26527,27,6619,6.7,551,0.6,2
Male,48976,17890,36.5,15292,31.2,13199,26.9,2264,4.6,331,0.7,-
Female,49419,16869,34.1,14646,29.6,13327,27,4355,8.8,220,0.4,2
MT. KENYA FOREST,34,3,8.8,28,82.4,3,8.8,-,-,-,-,-
Male,24,-,-,22,91.7,2,8.3,-,-,-,-,-
Female,10,3,30,6,60,1,10,-,-,-,-,-
MURANG'A,988224,358844,36.3,358964,36.3,193814,19.6,72326,7.3,4133,0.4,143
Male,488689,184250,37.7,182572,37.4,93190,19.1,26285,5.4,2319,0.5,73
Female,499505,174580,35,176382,35.3,100619,20.1,46040,9.2,1814,0.4,70
MURANG'A EAST,101606,35232,34.7,41784,41.1,16745,16.5,7418,7.3,421,0.4,6
Male,49826,17772,35.7,20968,42.1,8183,16.4,2671,5.4,230,0.5,2
Female,51779,17459,33.7,20816,40.2,8562,16.5,4747,9.2,191,0.4,4
KANGEMA,75668,26598,35.2,29670,39.2,13379,17.7,5775,7.6,246,0.3,-
Male,37165,13778,37.1,14793,39.8,6461,17.4,1999,5.4,134,0.4,-
Female,38500,12818,33.3,14876,38.6,6918,18,3776,9.8,112,0.3,-
MATHIOYA,87438,31439,36,32226,36.9,15594,17.8,7766,8.9,398,0.5,15
Male,42738,16161,37.8,16094,37.7,7587,17.8,2686,6.3,203,0.5,7
Female,44699,15278,34.2,16131,36.1,8007,17.9,5080,11.4,195,0.4,8
KAHURO,83338,29727,35.7,29774,35.7,17421,20.9,6090,7.3,318,0.4,8
Male,40864,15443,37.8,14898,36.5,8219,20.1,2133,5.2,166,0.4,5
Female,42467,14279,33.6,14874,35,9202,21.7,3957,9.3,152,0.4,3
MURANG'A SOUTH,172158,64167,37.3,59067,34.3,35977,20.9,12238,7.1,682,0.4,27
Male,85252,32909,38.6,30308,35.6,17034,20,4565,5.4,422,0.5,14
Female,86901,31256,36,28756,33.1,18943,21.8,7673,8.8,260,0.3,13
GATANGA,175723,65058,37,64029,36.4,34256,19.5,11552,6.6,799,0.5,29
Male,88134,33338,37.8,33059,37.5,16925,19.2,4356,4.9,441,0.5,15
Female,87586,31719,36.2,30969,35.4,17330,19.8,7196,8.2,358,0.4,14
KIGUMO,128481,46894,36.5,43644,34,27598,21.5,9786,7.6,530,0.4,29
Male,63728,24235,38,22240,34.9,13257,20.8,3685,5.8,295,0.5,16
Female,64750,22658,35,21403,33.1,14340,22.1,6101,9.4,235,0.4,13
KANDARA,163770,59723,36.5,58742,35.9,32837,20.1,11700,7.1,739,0.5,29
Male,80952,30612,37.8,30189,37.3,15519,19.2,4190,5.2,428,0.5,14
Female,82811,29109,35.2,28552,34.5,17315,20.9,7509,9.1,311,0.4,15
ABERDARE FOREST,42,6,14.3,28,66.7,7,16.7,1,2.4,-,-,-
Male,30,2,6.7,23,76.7,5,16.7,-,-,-,-,-
Female,12,4,33.3,5,41.7,2,16.7,1,8.3,-,-,-
KIAMBU,2231514,778586,34.9,1013910,45.4,326845,14.6,98594,4.4,13057,0.6,522
Male,1092380,388770,35.6,504910,46.2,151002,13.8,40162,3.7,7274,0.7,262
Female,1139012,389788,34.2,508948,44.7,175810,15.4,58423,5.1,5783,0.5,260
GATUNDU NORTH,102915,36935,35.9,36830,35.8,21494,20.9,7082,6.9,557,0.5,17
Male,50634,18737,37,18964,37.5,10190,20.1,2405,4.7,331,0.7,7
Female,52279,18198,34.8,17865,34.2,11303,21.6,4677,8.9,226,0.4,10
GATUNDU SOUTH,114575,39811,34.7,43889,38.3,21707,18.9,8355,7.3,771,0.7,42
Male,56630,20339,35.9,22679,40,10298,18.2,2865,5.1,432,0.8,17
Female,57941,19470,33.6,21209,36.6,11408,19.7,5490,9.5,339,0.6,25
GITHUNGURI,155046,53711,34.6,63053,40.7,28090,18.1,9457,6.1,716,0.5,19
Male,76874,27194,35.4,32136,41.8,13548,17.6,3572,4.6,414,0.5,10
Female,78164,26515,33.9,30916,39.6,14538,18.6,5884,7.5,302,0.4,9
JUJA,277171,102232,36.9,128017,46.2,35625,12.9,9567,3.5,1655,0.6,75
Male,136491,51283,37.6,63526,46.5,16351,12,4326,3.2,966,0.7,39
Female,140658,50944,36.2,64483,45.8,19268,13.7,5238,3.7,689,0.5,36
KABETE,184688,62008,33.6,89489,48.5,25173,13.6,6810,3.7,1165,0.6,43
Male,90196,30762,34.1,44509,49.3,11351,12.6,2917,3.2,638,0.7,19
Female,94478,31246,33.1,44969,47.6,13819,14.6,3893,4.1,527,0.6,24
KIAMBAA,218165,71027,32.6,104756,48,31176,14.3,9649,4.4,1474,0.7,83
Male,106623,34903,32.7,52380,49.1,14516,13.6,4010,3.8,770,0.7,44
Female,111530,36121,32.4,52372,47,16658,14.9,5636,5.1,704,0.6,39
KIAMBU,133949,43881,32.8,65022,48.5,18408,13.7,5755,4.3,822,0.6,61
Male,63471,21477,33.8,31001,48.8,8202,12.9,2362,3.7,397,0.6,32
Female,70464,22402,31.8,34013,48.3,10203,14.5,3392,4.8,425,0.6,29
KIKUYU,172833,59423,34.4,82430,47.7,23152,13.4,7080,4.1,733,0.4,15
Male,83603,29466,35.2,40300,48.2,10468,12.5,2982,3.6,380,0.5,7
Female,89226,29957,33.6,42129,47.2,12681,14.2,4098,4.6,353,0.4,8
LARI,125884,47619,37.8,45493,36.1,24225,19.2,7784,6.2,755,0.6,8
Male,62427,24207,38.8,23164,37.1,11564,18.5,3053,4.9,436,0.7,3
Female,63454,23410,36.9,22329,35.2,12661,20,4730,7.5,319,0.5,5
LIMURU,147004,53174,36.2,62532,42.5,23212,15.8,7384,5,680,0.5,22
Male,73445,26851,36.6,32177,43.8,11227,15.3,2777,3.8,400,0.5,13
Female,73559,26323,35.8,30355,41.3,11985,16.3,4607,6.3,280,0.4,9
RUIRU,340681,116732,34.3,169893,49.9,40834,12,10509,3.1,2635,0.8,78
Male,165256,57530,34.8,83728,50.7,17721,10.7,4779,2.9,1455,0.9,43
Female,175406,59195,33.7,86158,49.1,23108,13.2,5730,3.3,1180,0.7,35
THIKA EAST,35971,12908,35.9,13773,38.3,7090,19.7,2033,5.7,160,0.4,7
Male,18224,6498,35.7,7316,40.1,3504,19.2,802,4.4,102,0.6,2
Female,17743,6410,36.1,6456,36.4,3583,20.2,1231,6.9,58,0.3,5
THIKA WEST,222632,79125,35.5,108733,48.8,26659,12,7129,3.2,934,0.4,52
Male,108506,39523,36.4,53030,48.9,12062,11.1,3312,3.1,553,0.5,26
Female,114110,39597,34.7,55694,48.8,14595,12.8,3817,3.3,381,0.3,26
TURKANA,851797,184015,21.6,33028,3.9,28982,3.4,584977,68.7,20077,2.4,718
Male,439467,98266,22.4,21042,4.8,14573,3.3,294430,67,10795,2.5,361
Female,412311,85746,20.8,11986,2.9,14409,3.5,290531,70.5,9282,2.3,357
KIBISH,33611,2577,7.7,277,0.8,315,0.9,30064,89.4,378,1.1,-
Male,17046,1516,8.9,219,1.3,167,1,14978,87.9,166,1,-
Female,16564,1060,6.4,58,0.4,148,0.9,15086,91.1,212,1.3,-
LOIMA,98183,14212,14.5,1109,1.1,2003,2,78451,79.9,2298,2.3,110
Male,49440,7292,14.7,762,1.5,997,2,39101,79.1,1231,2.5,57
Female,48743,6920,14.2,347,0.7,1006,2.1,39350,80.7,1067,2.2,53
TURKANA CENTRAL,166135,53043,31.9,15618,9.4,12800,7.7,82792,49.8,1826,1.1,56
Male,82906,27137,32.7,9280,11.2,6396,7.7,39087,47.1,977,1.2,29
Female,83229,25906,31.1,6338,7.6,6404,7.7,43705,52.5,849,1,27
TURKANA EAST,130834,16281,12.4,2663,2,1728,1.3,105534,80.7,4477,3.4,151
Male,72914,8857,12.1,1708,2.3,883,1.2,58792,80.6,2588,3.5,86
Female,57908,7424,12.8,955,1.6,845,1.5,46730,80.7,1889,3.3,65
TURKANA NORTH,59378,9689,16.3,1120,1.9,1079,1.8,45956,77.4,1530,2.6,4
Male,29770,5249,17.6,842,2.8,655,2.2,22186,74.5,836,2.8,2
Female,29608,4440,15,278,0.9,424,1.4,23770,80.3,694,2.3,2
TURKANA SOUTH,142538,31741,22.3,4851,3.4,4591,3.2,98044,68.8,3226,2.3,85
Male,72846,16213,22.3,3159,4.3,2175,3,49570,68,1689,2.3,40
Female,69688,15526,22.3,1692,2.4,2416,3.5,48472,69.6,1537,2.2,45
TURKANA WEST,221118,56472,25.5,7390,3.3,6466,2.9,144136,65.2,6342,2.9,312
Male,114545,32002,27.9,5072,4.4,3300,2.9,70716,61.7,3308,2.9,147
Female,106571,24470,23,2318,2.2,3166,3,73418,68.9,3034,2.8,165
WEST POKOT,553584,235136,42.5,36841,6.7,56672,10.2,218972,39.6,5860,1.1,103
Male,272728,119842,43.9,20733,7.6,28006,10.3,101121,37.1,2978,1.1,48
Female,280844,115287,41.1,16108,5.7,28666,10.2,117846,42,2882,1,55
KIPKOMO,91581,48572,53,6410,7,12468,13.6,23302,25.4,829,0.9,-
Male,45307,24703,54.5,3569,7.9,6181,13.6,10398,23,456,1,-
Female,46268,23865,51.6,2841,6.1,6287,13.6,12902,27.9,373,0.8,-
POKOT CENTRAL,106071,42955,40.5,3926,3.7,11271,10.6,47095,44.4,806,0.8,18
Male,53164,22218,41.8,2484,4.7,5871,11,22191,41.7,393,0.7,7
Female,52905,20736,39.2,1442,2.7,5400,10.2,24903,47.1,413,0.8,11
POKOT NORTH,118673,27221,22.9,3081,2.6,3584,3,83724,70.6,1005,0.8,58
Male,56999,13774,24.2,1929,3.4,1718,3,39056,68.5,497,0.9,25
Female,61672,13447,21.8,1152,1.9,1866,3,44666,72.4,508,0.8,33
POKOT SOUTH,72458,41818,57.7,5071,7,9784,13.5,14667,20.2,1118,1.5,-
Male,35681,21211,59.4,2853,8,4663,13.1,6391,17.9,563,1.6,-
Female,36775,20605,56,2218,6,5121,13.9,8276,22.5,555,1.5,-
WEST POKOT,164801,74570,45.2,18353,11.1,19565,11.9,50184,30.5,2102,1.3,27
Male,81577,37936,46.5,9898,12.1,9573,11.7,23085,28.3,1069,1.3,16
Female,83224,36634,44,8455,10.2,9992,12,27099,32.6,1033,1.2,11
SAMBURU,279891,86608,30.9,21260,7.6,12334,4.4,157284,56.2,2377,0.8,28
Male,141072,46092,32.7,12778,9.1,6193,4.4,74619,52.9,1378,1,12
Female,138814,40515,29.2,8482,6.1,6141,4.4,82661,59.5,999,0.7,16
SAMBURU CENTRAL,149358,55364,37.1,13832,9.3,8173,5.5,70391,47.1,1578,1.1,20
Male,75738,29444,38.9,8136,10.7,4095,5.4,33148,43.8,906,1.2,9
Female,73618,25920,35.2,5696,7.7,4078,5.5,37241,50.6,672,0.9,11
SAMBURU EAST,69944,17726,25.3,4901,7,2660,3.8,44187,63.2,469,0.7,1
Male,34048,9425,27.7,2925,8.6,1338,3.9,20058,58.9,302,0.9,-
Female,35896,8301,23.1,1976,5.5,1322,3.7,24129,67.2,167,0.5,1
SAMBURU NORTH,60589,13518,22.3,2527,4.2,1501,2.5,42706,70.5,330,0.5,7
Male,31286,7223,23.1,1717,5.5,760,2.4,21413,68.4,170,0.5,3
Female,29300,6294,21.5,810,2.8,741,2.5,21291,72.7,160,0.5,4
TRANS NZOIA,911209,440977,48.4,173534,19,193088,21.2,93829,10.3,9713,1.1,68
Male,448487,224218,50,88354,19.7,88076,19.6,42289,9.4,5518,1.2,32
Female,462701,216747,46.8,85175,18.4,105011,22.7,51537,11.1,4195,0.9,36
TRANS NZOIA WEST,184140,87077,47.3,37213,20.2,40774,22.1,16704,9.1,2336,1.3,36
Male,91254,44064,48.3,19546,21.4,18587,20.4,7632,8.4,1408,1.5,17
Female,92883,43011,46.3,17666,19,22187,23.9,9072,9.8,928,1,19
TRANS NZOIA EAST,212422,105393,49.6,40482,19.1,41794,19.7,22014,10.4,2727,1.3,12
Male,104721,53788,51.4,20509,19.6,19023,18.2,9910,9.5,1487,1.4,4
Female,107693,51600,47.9,19973,18.5,22770,21.1,12102,11.2,1240,1.2,8
KWANZA,188466,91168,48.4,34511,18.3,38048,20.2,22405,11.9,2326,1.2,8
Male,92532,46409,50.2,17438,18.8,17330,18.7,10091,10.9,1259,1.4,5
Female,95931,44758,46.7,17071,17.8,20718,21.6,12314,12.8,1067,1.1,3
ENDEBESS,102457,50202,49,12036,11.7,25440,24.8,14151,13.8,626,0.6,2
Male,51455,25839,50.2,6657,12.9,12023,23.4,6541,12.7,394,0.8,1
Female,50999,24361,47.8,5378,10.5,13417,26.3,7610,14.9,232,0.5,1
KIMININI,223724,107137,47.9,49292,22,47032,21,18555,8.3,1698,0.8,10
Male,108525,54118,49.9,24204,22.3,21113,19.5,8115,7.5,970,0.9,5
Female,115195,53017,46,25087,21.8,25919,22.5,10439,9.1,728,0.6,5
UASIN GISHU,1070335,480402,44.9,321505,30,180625,16.9,79032,7.4,8633,0.8,138
Male,531769,241839,45.5,163748,30.8,85855,16.1,35299,6.6,4960,0.9,68
Female,538543,238555,44.3,157748,29.3,94766,17.6,43731,8.1,3673,0.7,70
AINABKOI,127533,57988,45.5,41597,32.6,17693,13.9,9538,7.5,706,0.6,11
Male,62850,29057,46.2,20815,33.1,8471,13.5,4122,6.6,380,0.6,5
Female,64683,28931,44.7,20782,32.1,9222,14.3,5416,8.4,326,0.5,6
KAPSERET,182852,77598,42.4,63881,34.9,30189,16.5,9559,5.2,1578,0.9,47
Male,91412,38581,42.2,32800,35.9,14635,16,4379,4.8,995,1.1,22
Female,91436,39017,42.7,31080,34,15551,17,5180,5.7,583,0.6,25
KESSES,137814,65544,47.6,36970,26.8,22931,16.6,11734,8.5,622,0.5,13
Male,68811,33580,48.8,18727,27.2,10957,15.9,5201,7.6,339,0.5,7
Female,69000,31962,46.3,18242,26.4,11974,17.4,6533,9.5,283,0.4,6
MOIBEN,165378,73257,44.3,54495,33,24508,14.8,11894,7.2,1209,0.7,15
Male,81639,36585,44.8,27183,33.3,11710,14.3,5532,6.8,623,0.8,6
Female,83737,36672,43.8,27310,32.6,12798,15.3,6362,7.6,586,0.7,9
SOY,211662,100702,47.6,48947,23.1,42352,20,17599,8.3,2035,1,27
Male,105136,51374,48.9,24693,23.5,20093,19.1,7783,7.4,1176,1.1,17
Female,106521,49326,46.3,24251,22.8,22259,20.9,9816,9.2,859,0.8,10
TURBO,245096,105313,43,75615,30.9,42952,17.5,18708,7.6,2483,1,25
Male,121921,52662,43.2,39530,32.4,19989,16.4,8282,6.8,1447,1.2,11
Female,123166,52647,42.7,36083,29.3,22962,18.6,10424,8.5,1036,0.8,14
ELGEYO/MARAKWET,418765,203979,48.7,93397,22.3,65739,15.7,52047,12.4,3541,0.8,62
Male,209151,103310,49.4,48510,23.2,31890,15.2,23622,11.3,1789,0.9,30
Female,209602,100663,48,44886,21.4,33847,16.1,28423,13.6,1751,0.8,32
KEIYO NORTH,91430,42628,46.6,28055,30.7,12537,13.7,7697,8.4,498,0.5,15
Male,45566,21499,47.2,14415,31.6,5895,12.9,3492,7.7,259,0.6,6
Female,45863,21128,46.1,13640,29.7,6642,14.5,4205,9.2,239,0.5,9
KEIYO SOUTH,112236,53990,48.1,29430,26.2,17097,15.2,9984,8.9,1715,1.5,20
Male,56593,27641,48.8,15165,26.8,8446,14.9,4468,7.9,864,1.5,9
Female,55639,26348,47.4,14264,25.6,8650,15.5,5515,9.9,851,1.5,11
MARAKWET EAST,88986,45934,51.6,12143,13.6,12906,14.5,17694,19.9,308,0.3,1
Male,43796,23055,52.6,6574,15,6204,14.2,7819,17.9,143,0.3,1
Female,45188,22878,50.6,5569,12.3,6702,14.8,9874,21.9,165,0.4,-
MARAKWET WEST,126113,61427,48.7,23769,18.8,23199,18.4,16672,13.2,1020,0.8,26
Male,63196,31115,49.2,12356,19.6,11345,18,7843,12.4,523,0.8,14
Female,62912,30309,48.2,11413,18.1,11853,18.8,8829,14,496,0.8,12
NANDI,822163,390831,47.5,166706,20.3,186639,22.7,70665,8.6,7242,0.9,80
Male,408980,199523,48.8,85080,20.8,88754,21.7,31654,7.7,3921,1,48
Female,413163,191303,46.3,81621,19.8,97879,23.7,39007,9.4,3321,0.8,32
CHESUMEI,152235,69608,45.7,37839,24.9,32606,21.4,10852,7.1,1326,0.9,4
Male,75011,35299,47.1,18917,25.2,15382,20.5,4706,6.3,704,0.9,3
Female,77221,34308,44.4,18921,24.5,17223,22.3,6146,8,622,0.8,1
NANDI CENTRAL,136533,62865,46,31831,23.3,28924,21.2,11858,8.7,1055,0.8,-
Male,67514,32004,47.4,16014,23.7,13685,20.3,5231,7.7,580,0.9,-
Female,69013,30860,44.7,15816,22.9,15237,22.1,6625,9.6,475,0.7,-
NANDI EAST,110834,51575,46.5,23672,21.4,25800,23.3,9274,8.4,470,0.4,43
Male,55676,26083,46.8,12430,22.3,12656,22.7,4215,7.6,269,0.5,23
Female,55155,25492,46.2,11241,20.4,13143,23.8,5058,9.2,201,0.4,20
NANDI NORTH,154455,75700,49,27014,17.5,36134,23.4,13239,8.6,2354,1.5,14
Male,76585,38889,50.8,13689,17.9,16828,22,5895,7.7,1275,1.7,9
Female,77867,36809,47.3,13325,17.1,19305,24.8,7344,9.4,1079,1.4,5
NANDI SOUTH,160898,77802,48.4,30499,19,36954,23,14797,9.2,838,0.5,8
Male,79744,39675,49.8,15457,19.4,17488,21.9,6661,8.4,459,0.6,4
Female,81151,38127,47,15040,18.5,19465,24,8136,10,379,0.5,4
TINDERET,107208,53281,49.7,15851,14.8,26221,24.5,10645,9.9,1199,1.1,11
Male,54450,27573,50.6,8573,15.7,12715,23.4,4946,9.1,634,1.2,9
Female,52756,25707,48.7,7278,13.8,13506,25.6,5698,10.8,565,1.1,2
BARINGO,609555,253878,41.6,124066,20.4,67739,11.1,157298,25.8,6530,1.1,44
Male,306702,130797,42.6,64231,20.9,32867,10.7,75333,24.6,3456,1.1,18
Female,302842,123075,40.6,59832,19.8,34871,11.5,81964,27.1,3074,1,26
BARINGO CENTRAL,89180,42317,47.5,29046,32.6,10050,11.3,7236,8.1,530,0.6,1
Male,44084,21287,48.3,14595,33.1,4896,11.1,3044,6.9,262,0.6,-
Female,45096,21030,46.6,14451,32,5154,11.4,4192,9.3,268,0.6,1
BARINGO NORTH,96670,47924,49.6,21442,22.2,12943,13.4,13057,13.5,1301,1.3,3
Male,48209,24837,51.5,11051,22.9,6148,12.8,5519,11.4,653,1.4,1
Female,48459,23087,47.6,10390,21.4,6794,14,7538,15.6,648,1.3,2
EAST POKOT,73135,12743,17.4,1763,2.4,1052,1.4,56364,77.1,1208,1.7,5
Male,36951,6913,18.7,1106,3,551,1.5,27773,75.2,606,1.6,2
Female,36182,5829,16.1,657,1.8,501,1.4,28590,79,602,1.7,3
KOIBATEK,119478,55856,46.8,36782,30.8,18522,15.5,7389,6.2,921,0.8,8
Male,59953,28370,47.3,18790,31.3,9102,15.2,3183,5.3,505,0.8,3
Female,59523,27484,46.2,17992,30.2,9420,15.8,4206,7.1,416,0.7,5
MARIGAT,80968,41259,51,13931,17.2,11452,14.1,13485,16.7,831,1,10
Male,40463,21466,53.1,7535,18.6,5265,13,5738,14.2,453,1.1,6
Female,40502,19792,48.9,6394,15.8,6187,15.3,7747,19.1,378,0.9,4
MOGOTIO,83716,41411,49.5,19335,23.1,12127,14.5,9945,11.9,897,1.1,1
Male,42194,21210,50.3,9986,23.7,6051,14.3,4440,10.5,506,1.2,1
Female,41520,20199,48.6,9349,22.5,6076,14.6,5505,13.3,391,0.9,-
TIATY EAST,66408,12368,18.6,1767,2.7,1593,2.4,49822,75,842,1.3,16
Male,34848,6714,19.3,1168,3.4,854,2.5,25636,73.6,471,1.4,5
Female,31560,5654,17.9,599,1.9,739,2.3,24186,76.6,371,1.2,11
LAIKIPIA,475756,184613,38.8,152372,32,59213,12.4,76475,16.1,3045,0.6,38
Male,236702,94751,40,78392,33.1,28229,11.9,33580,14.2,1731,0.7,19
Female,239042,89858,37.6,73979,30.9,30981,13,42891,17.9,1314,0.5,19
LAIKIPIA CENTRAL,89229,34143,38.3,35196,39.4,13521,15.2,5583,6.3,774,0.9,12
Male,44606,17659,39.6,17815,39.9,6352,14.2,2317,5.2,461,1,2
Female,44623,16484,36.9,17381,39,7169,16.1,3266,7.3,313,0.7,10
LAIKIPIA EAST,93683,33653,35.9,36499,39,11280,12,11785,12.6,459,0.5,7
Male,46952,16957,36.1,19254,41,5378,11.5,5092,10.8,265,0.6,6
Female,46726,16694,35.7,17245,36.9,5899,12.6,6693,14.3,194,0.4,1
LAIKIPIA NORTH,32310,11535,35.7,2970,9.2,1755,5.4,15891,49.2,158,0.5,1
Male,16107,6102,37.9,1863,11.6,936,5.8,7106,44.1,100,0.6,-
Female,16202,5433,33.5,1107,6.8,819,5.1,8784,54.2,58,0.4,1
LAIKIPIA WEST,117836,44887,38.1,27911,23.7,12815,10.9,31333,26.6,874,0.7,16
Male,59138,23244,39.3,14852,25.1,6264,10.6,14275,24.1,492,0.8,11
Female,58695,21642,36.9,13059,22.2,6551,11.2,17056,29.1,382,0.7,5
NYAHURURU,142698,60395,42.3,49796,34.9,19842,13.9,11883,8.3,780,0.5,2
Male,69899,30789,44,24608,35.2,9299,13.3,4790,6.9,413,0.6,-
Female,72796,29605,40.7,25187,34.6,10543,14.5,7092,9.7,367,0.5,2
NAKURU,1981598,843280,42.6,652319,32.9,322032,16.3,147198,7.4,16450,0.8,319
Male,982910,429850,43.7,330145,33.6,150063,15.3,63298,6.4,9390,1,164
Female,998603,413397,41.4,322148,32.3,171948,17.2,83897,8.4,7058,0.7,155
GILGIL,169516,72508,42.8,57408,33.9,25548,15.1,12929,7.6,1093,0.6,30
Male,84928,37668,44.4,29433,34.7,11850,14,5321,6.3,639,0.8,17
Female,84581,34837,41.2,27974,33.1,13695,16.2,7608,9,454,0.5,13
KURESOI NORTH,161409,78524,48.6,33145,20.5,32556,20.2,15591,9.7,1574,1,19
Male,80563,40306,50,17023,21.1,15313,19,7050,8.8,862,1.1,9
Female,80843,38216,47.3,16121,19.9,17243,21.3,8541,10.6,712,0.9,10
KURESOI SOUTH,142631,70014,49.1,29713,20.8,27746,19.5,13553,9.5,1603,1.1,2
Male,71731,36116,50.3,15372,21.4,13129,18.3,6231,8.7,882,1.2,1
Female,70897,33896,47.8,14341,20.2,14617,20.6,7321,10.3,721,1,1
MOLO,144889,65127,44.9,40347,27.8,26991,18.6,11108,7.7,1311,0.9,5
Male,72141,33330,46.2,20721,28.7,12707,17.6,4639,6.4,742,1,2
Female,72743,31795,43.7,19625,27,14282,19.6,6469,8.9,569,0.8,3
NAIVASHA,322714,122184,37.9,123117,38.2,50229,15.6,24112,7.5,3005,0.9,67
Male,161071,61761,38.3,63148,39.2,23533,14.6,10813,6.7,1782,1.1,34
Female,161617,60415,37.4,59961,37.1,26687,16.5,13299,8.2,1222,0.8,33
NAKURU EAST,176055,67868,38.5,78049,44.3,21206,12,7575,4.3,1300,0.7,57
Male,83491,33656,40.3,36924,44.2,8997,10.8,3170,3.8,712,0.9,32
Female,92556,34210,37,41122,44.4,12206,13.2,4405,4.8,588,0.6,25
NAKURU NORTH,201190,82270,40.9,74572,37.1,30096,15,12628,6.3,1563,0.8,61
Male,97573,41720,42.8,36254,37.2,13714,14.1,4968,5.1,883,0.9,34
Female,103602,40543,39.1,38313,37,16380,15.8,7659,7.4,680,0.7,27
NAKURU WEST,179490,67111,37.4,73402,40.9,27382,15.3,9438,5.3,2151,1.2,6
Male,91321,33350,36.5,39006,42.7,13262,14.5,4468,4.9,1232,1.3,3
Female,88159,33758,38.3,34391,39,14120,16,4969,5.6,918,1,3
NJORO,220036,101530,46.1,58727,26.7,40721,18.5,17932,8.1,1102,0.5,24
Male,109028,52332,48,29755,27.3,18903,17.3,7386,6.8,643,0.6,9
Female,111005,49198,44.3,28971,26.1,21816,19.7,10546,9.5,459,0.4,15
RONGAI,184553,80687,43.7,59302,32.1,27883,15.1,15439,8.4,1219,0.7,23
Male,92132,41256,44.8,30193,32.8,13319,14.5,6630,7.2,723,0.8,11
Female,92417,39428,42.7,29108,31.5,14564,15.8,8809,9.5,496,0.5,12
SUBUKIA,79115,35457,44.8,24537,31,11674,14.8,6893,8.7,529,0.7,25
Male,38931,18355,47.1,12316,31.6,5336,13.7,2622,6.7,290,0.7,12
Female,40183,17101,42.6,12221,30.4,6338,15.8,4271,10.6,239,0.6,13
NAROK,1044966,481160,46,120221,11.5,149044,14.3,283500,27.1,10856,1,185
Male,520523,248214,47.7,66633,12.8,70531,13.6,128801,24.7,6235,1.2,109
Female,524419,232941,44.4,53583,10.2,78513,15,154686,29.5,4620,0.9,76
NAROK EAST,104856,46371,44.2,11863,11.3,11325,10.8,34572,33,718,0.7,7
Male,53336,23840,44.7,6641,12.5,5784,10.8,16620,31.2,447,0.8,4
Female,51513,22531,43.7,5222,10.1,5541,10.8,17945,34.8,271,0.5,3
NAROK NORTH,227649,99145,43.6,43798,19.2,28886,12.7,52742,23.2,3023,1.3,55
Male,115452,50396,43.7,23748,20.6,14679,12.7,24916,21.6,1679,1.5,34
Female,112188,48746,43.5,20047,17.9,14207,12.7,27824,24.8,1343,1.2,21
NAROK SOUTH,215493,94417,43.8,19882,9.2,28289,13.1,70907,32.9,1972,0.9,26
Male,106882,49039,45.9,10999,10.3,13225,12.4,32472,30.4,1132,1.1,15
Female,108609,45378,41.8,8882,8.2,15064,13.9,38434,35.4,840,0.8,11
NAROK WEST,171981,73667,42.8,12336,7.2,21244,12.4,62598,36.4,2102,1.2,34
Male,84283,39063,46.3,6962,8.3,9820,11.7,27249,32.3,1167,1.4,22
Female,87696,34604,39.5,5373,6.1,11424,13,35348,40.3,935,1.1,12
TRANS MARA EAST,102459,56624,55.3,7857,7.7,19405,18.9,18012,17.6,543,0.5,18
Male,50134,29303,58.4,4292,8.6,8299,16.6,7929,15.8,300,0.6,11
Female,52324,27320,52.2,3565,6.8,11106,21.2,10083,19.3,243,0.5,7
TRANS MARA WEST,222496,110934,49.9,24455,11,39895,17.9,44669,20.1,2498,1.1,45
Male,110408,56572,51.2,13964,12.6,18724,17,19615,17.8,1510,1.4,23
Female,112085,54361,48.5,10491,9.4,21171,18.9,25052,22.4,988,0.9,22
MAU FOREST,32,2,6.3,30,93.8,-,-,-,-,-,-,-
Male,28,1,3.6,27,96.4,-,-,-,-,-,-,-
Female,4,1,25,3,75,-,-,-,-,-,-,-
KAJIADO,1016058,389090,38.3,319689,31.5,111477,11,182329,17.9,13146,1.3,327
Male,504023,195925,38.9,164069,32.6,54115,10.7,82454,16.4,7321,1.5,139
Female,512004,193153,37.7,155610,30.4,57359,11.2,99870,19.5,5824,1.1,188
ISINYA,191272,63220,33.1,89695,46.9,22338,11.7,10916,5.7,4937,2.6,166
Male,95366,31257,32.8,45330,47.5,10786,11.3,5342,5.6,2580,2.7,71
Female,95900,31962,33.3,44362,46.3,11551,12,5574,5.8,2356,2.5,95
KAJIADO CENTRAL,145212,63843,44,25520,17.6,11582,8,42135,29,2120,1.5,12
Male,72629,32735,45.1,14186,19.5,6024,8.3,18445,25.4,1238,1.7,1
Female,72580,31107,42.9,11334,15.6,5558,7.7,23688,32.6,882,1.2,11
KAJIADO NORTH,282534,102623,36.3,130221,46.1,36294,12.8,10904,3.9,2411,0.9,81
Male,138169,50880,36.8,64576,46.7,16476,11.9,4885,3.5,1316,1,36
Female,144354,51740,35.8,65639,45.5,19816,13.7,6019,4.2,1095,0.8,45
KAJIADO WEST,165055,64855,39.3,30987,18.8,14752,8.9,52986,32.1,1434,0.9,41
Male,82432,33179,40.3,16708,20.3,7462,9.1,24225,29.4,842,1,16
Female,82618,31673,38.3,14278,17.3,7290,8.8,28760,34.8,592,0.7,25
LOITOKITOK,173159,70006,40.4,28958,16.7,18750,10.8,53977,31.2,1445,0.8,23
Male,85227,35391,41.5,15485,18.2,9387,11,24074,28.2,876,1,14
Female,87927,34612,39.4,13473,15.3,9363,10.6,29901,34,569,0.6,9
MASHUURU,58826,24543,41.7,14308,24.3,7761,13.2,11411,19.4,799,1.4,4
Male,30200,12483,41.3,7784,25.8,3980,13.2,5483,18.2,469,1.6,1
Female,28625,12059,42.1,6524,22.8,3781,13.2,5928,20.7,330,1.2,3
KERICHO,834061,387109,46.4,201479,24.2,172473,20.7,68545,8.2,4236,0.5,219
Male,415734,197586,47.5,105284,25.3,80978,19.5,29453,7.1,2323,0.6,110
Female,418300,189513,45.3,96187,23,91489,21.9,39089,9.3,1913,0.5,109
BELGUT,135941,60638,44.6,37090,27.3,28745,21.1,8879,6.5,575,0.4,14
Male,67923,30818,45.4,19474,28.7,13551,20,3762,5.5,310,0.5,8
Female,68018,29820,43.8,17616,25.9,15194,22.3,5117,7.5,265,0.4,6
BURETI,185127,86254,46.6,41491,22.4,42406,22.9,13669,7.4,1290,0.7,17
Male,91535,43631,47.7,21617,23.6,19708,21.5,5924,6.5,646,0.7,9
Female,93587,42621,45.5,19874,21.2,22696,24.3,7744,8.3,644,0.7,8
KERICHO EAST,156786,67745,43.2,47847,30.5,29259,18.7,11236,7.2,628,0.4,71
Male,79013,34263,43.4,25293,32,14292,18.1,4776,6,353,0.4,36
Female,77766,33482,43.1,22550,29,14965,19.2,6459,8.3,275,0.4,35
KIPKELION,112279,55631,49.5,21741,19.4,21796,19.4,12574,11.2,474,0.4,63
Male,55954,28758,51.4,11336,20.3,10058,18,5480,9.8,288,0.5,34
Female,56321,26872,47.7,10403,18.5,11738,20.8,7093,12.6,186,0.3,29
LONDIANI,126773,60196,47.5,31132,24.6,24176,19.1,10776,8.5,458,0.4,35
Male,62955,30865,49,15865,25.2,11268,17.9,4639,7.4,303,0.5,15
Female,63808,29325,46,15265,23.9,12906,20.2,6137,9.6,155,0.2,20
SOIN SIGOWET,117155,56645,48.4,22178,18.9,26091,22.3,11411,9.7,811,0.7,19
Male,58354,29251,50.1,11699,20,12101,20.7,4872,8.3,423,0.7,8
Female,58800,27393,46.6,10479,17.8,13990,23.8,6539,11.1,388,0.7,11
BOMET,810122,400330,49.4,169658,20.9,160702,19.8,72627,9,6730,0.8,75
Male,400694,205930,51.4,88746,22.1,72327,18.1,30078,7.5,3572,0.9,41
Female,409407,194390,47.5,80911,19.8,88369,21.6,42545,10.4,3158,0.8,34
BOMET EAST,132732,66149,49.8,24702,18.6,26037,19.6,14280,10.8,1539,1.2,25
Male,65185,34557,53,12710,19.5,11263,17.3,5868,9,773,1.2,14
Female,67541,31590,46.8,11992,17.8,14771,21.9,8411,12.5,766,1.1,11
CHEPALUNGU,152423,80719,53,24117,15.8,30134,19.8,16625,10.9,821,0.5,7
Male,73652,41395,56.2,12619,17.1,12597,17.1,6580,8.9,457,0.6,4
Female,78767,39321,49.9,11498,14.6,17537,22.3,10044,12.8,364,0.5,3
KONOIN,152161,71277,46.8,33637,22.1,34293,22.5,11086,7.3,1856,1.2,12
Male,77411,36629,47.3,18188,23.5,16618,21.5,5006,6.5,962,1.2,8
Female,74747,34646,46.4,15449,20.7,17674,23.6,6080,8.1,894,1.2,4
SOTIK,211301,106570,50.4,45651,21.6,39736,18.8,17883,8.5,1449,0.7,12
Male,103882,54539,52.5,23484,22.6,17851,17.2,7186,6.9,817,0.8,5
Female,107415,52029,48.4,22166,20.6,21885,20.4,10696,10,632,0.6,7
BOMET CENTRAL,161505,75615,46.8,41551,25.7,30502,18.9,12753,7.9,1065,0.7,19
Male,80564,38810,48.2,21745,27,13998,17.4,5438,6.7,563,0.7,10
Female,80937,36804,45.5,19806,24.5,16502,20.4,7314,9,502,0.6,9
KAKAMEGA,1732145,853031,49.2,334397,19.3,352269,20.3,180344,10.4,11722,0.7,382
Male,828945,428344,51.7,162596,19.6,157153,19,74543,9,6139,0.7,170
Female,903166,424667,47,171796,19,195111,21.6,105797,11.7,5583,0.6,212
BUTERE,143388,70109,48.9,26340,18.4,29273,20.4,16847,11.7,806,0.6,13
Male,68366,35289,51.6,12891,18.9,13115,19.2,6656,9.7,408,0.6,7
Female,75019,34818,46.4,13449,17.9,16158,21.5,10190,13.6,398,0.5,6
KAKAMEGA CENTRAL,173048,78154,45.2,49761,28.8,32167,18.6,11843,6.8,1081,0.6,42
Male,84569,38893,46,24796,29.3,15145,17.9,5123,6.1,596,0.7,16
Female,88477,39260,44.4,24964,28.2,17022,19.2,6720,7.6,485,0.5,26
KAKAMEGA EAST,155365,73954,47.6,29810,19.2,33756,21.7,16892,10.9,793,0.5,160
Male,74398,37256,50.1,14188,19.1,15504,20.8,6968,9.4,413,0.6,69
Female,80963,36695,45.3,15622,19.3,18252,22.5,9923,12.3,380,0.5,91
KAKAMEGA NORTH,221048,112147,50.7,43264,19.6,45240,20.5,19204,8.7,1149,0.5,44
Male,106855,56409,52.8,21419,20,20134,18.8,8247,7.7,626,0.6,20
Female,114188,55734,48.8,21844,19.1,25106,22,10957,9.6,523,0.5,24
KAKAMEGA SOUTH,104341,50293,48.2,19990,19.2,22028,21.1,11438,11,575,0.6,17
Male,49548,25084,50.6,9402,19,10076,20.3,4702,9.5,275,0.6,9
Female,54793,25209,46,10588,19.3,11952,21.8,6736,12.3,300,0.5,8
KHWISERO,106001,51333,48.4,20061,18.9,22911,21.6,11292,10.7,394,0.4,10
Male,49957,25687,51.4,9601,19.2,10056,20.1,4404,8.8,205,0.4,4
Female,56041,25645,45.8,10459,18.7,12854,22.9,6888,12.3,189,0.3,6
LIKUYANI,141338,68899,48.7,29353,20.8,27918,19.8,13156,9.3,1998,1.4,14
Male,68337,34856,51,14191,20.8,12400,18.1,5802,8.5,1078,1.6,10
Female,72998,34041,46.6,15162,20.8,15518,21.3,7353,10.1,920,1.3,4
LUGARI,114040,55233,48.4,26842,23.5,21670,19,9706,8.5,582,0.5,7
Male,54848,27808,50.7,12921,23.6,9582,17.5,4235,7.7,299,0.5,3
Female,59192,27425,46.3,13921,23.5,12088,20.4,5471,9.2,283,0.5,4
MATETE,61383,31089,50.6,11045,18,11666,19,6512,10.6,1071,1.7,-
Male,29404,15709,53.4,5367,18.3,4982,16.9,2818,9.6,528,1.8,-
Female,31979,15380,48.1,5678,17.8,6684,20.9,3694,11.6,543,1.7,-
MATUNGU,154460,78781,51,19787,12.8,31220,20.2,23262,15.1,1389,0.9,21
Male,72733,39392,54.2,9561,13.1,13682,18.8,9366,12.9,721,1,11
Female,81724,39387,48.2,10226,12.5,17537,21.5,13896,17,668,0.8,10
MUMIAS EAST,108468,55214,50.9,16979,15.7,23567,21.7,12120,11.2,583,0.5,5
Male,51751,27824,53.8,8293,16,10485,20.3,4842,9.4,305,0.6,2
Female,56714,27388,48.3,8685,15.3,13082,23.1,7278,12.8,278,0.5,3
MUMIAS WEST,106473,53145,49.9,20060,18.8,20588,19.3,12011,11.3,642,0.6,27
Male,50529,26655,52.8,9728,19.3,9088,18,4688,9.3,359,0.7,11
Female,55943,26490,47.4,10332,18.5,11499,20.6,7323,13.1,283,0.5,16
NAVAKHOLO,142792,74680,52.3,21105,14.8,30265,21.2,16061,11.2,659,0.5,22
Male,67650,37482,55.4,10238,15.1,12904,19.1,6692,9.9,326,0.5,8
Female,75135,37195,49.5,10866,14.5,17359,23.1,9368,12.5,333,0.4,14
VIHIGA,550070,257982,46.9,128847,23.4,115345,21,44178,8,3623,0.7,95
Male,263949,129422,49,61789,23.4,52189,19.8,18682,7.1,1815,0.7,52
Female,286112,128556,44.9,67055,23.4,63154,22.1,25496,8.9,1808,0.6,43
EMUHAYA,90814,42853,47.2,18377,20.2,20425,22.5,8487,9.3,654,0.7,18
Male,43383,21470,49.5,8563,19.7,9363,21.6,3648,8.4,329,0.8,10
Female,47430,21383,45.1,9813,20.7,11062,23.3,4839,10.2,325,0.7,8
VIHIGA,88664,41104,46.4,23313,26.3,17596,19.8,5965,6.7,660,0.7,26
Male,42455,20629,48.6,11222,26.4,7701,18.1,2570,6.1,316,0.7,17
Female,46207,20475,44.3,12089,26.2,9895,21.4,3395,7.3,344,0.7,9
SABATIA,122708,57435,46.8,32383,26.4,24106,19.6,7839,6.4,930,0.8,15
Male,58591,28652,48.9,15571,26.6,10669,18.2,3224,5.5,469,0.8,6
Female,64116,28782,44.9,16812,26.2,13437,21,4615,7.2,461,0.7,9
LUANDA,98821,45308,45.8,24126,24.4,20405,20.6,8330,8.4,625,0.6,27
Male,47692,22740,47.7,11725,24.6,9371,19.6,3522,7.4,320,0.7,14
Female,51127,22568,44.1,12401,24.3,11032,21.6,4808,9.4,305,0.6,13
HAMISI,149047,71281,47.8,30634,20.6,32812,22,13557,9.1,754,0.5,9
Male,71816,35931,50,14696,20.5,15085,21,5718,8,381,0.5,5
Female,77228,35347,45.8,15938,20.6,17727,23,7839,10.2,373,0.5,4
KAKAMEGA FOREST,16,1,6.3,14,87.5,1,6.3,-,-,-,-,-
Male,12,-,-,12,100,-,-,-,-,-,-,-
Female,4,1,25,2,50,1,25,-,-,-,-,-
BUNGOMA,1538767,782677,50.9,264282,17.2,324058,21.1,151938,9.9,15673,1,139
Male,745883,396144,53.1,133462,17.9,140682,18.9,67323,9,8198,1.1,74
Female,792851,386512,48.7,130817,16.5,183372,23.1,84612,10.7,7473,0.9,65
BUMULA,199499,102696,51.5,23670,11.9,45969,23,24883,12.5,2279,1.1,2
Male,95312,51685,54.2,11881,12.5,19870,20.8,10710,11.2,1164,1.2,2
Female,104186,51010,49,11789,11.3,26099,25.1,14173,13.6,1115,1.1,-
BUNGOMA CENTRAL,163799,83204,50.8,29747,18.2,35007,21.4,14301,8.7,1536,0.9,4
Male,79315,41882,52.8,15216,19.2,14990,18.9,6429,8.1,795,1,3
Female,84477,41319,48.9,14529,17.2,20017,23.7,7871,9.3,740,0.9,1
BUNGOMA EAST,106122,54673,51.5,20946,19.7,22353,21.1,7292,6.9,836,0.8,22
Male,51497,27756,53.9,10382,20.2,9670,18.8,3211,6.2,467,0.9,11
Female,54623,26916,49.3,10564,19.3,12682,23.2,4081,7.5,369,0.7,11
BUNGOMA NORTH,111891,58637,52.4,21859,19.5,22370,20,8342,7.5,670,0.6,13
Male,54098,29768,55,10753,19.9,9422,17.4,3780,7,368,0.7,7
Female,57792,28868,50,11106,19.2,12948,22.4,4562,7.9,302,0.5,6
BUNGOMA SOUTH,263411,127072,48.2,58794,22.3,46617,17.7,27947,10.6,2967,1.1,14
Male,126979,63234,49.8,29269,23.1,20605,16.2,12377,9.7,1489,1.2,5
Female,136427,63836,46.8,29524,21.6,26011,19.1,15569,11.4,1478,1.1,9
CHEPTAIS,124273,64726,52.1,13085,10.5,29321,23.6,15042,12.1,2080,1.7,19
Male,61904,33517,54.1,7274,11.8,13138,21.2,6852,11.1,1109,1.8,14
Female,62363,31205,50,5811,9.3,16182,25.9,8190,13.1,970,1.6,5
KIMILILI,149814,74973,50,26056,17.4,30550,20.4,16170,10.8,2060,1.4,5
Male,72387,37873,52.3,12952,17.9,13137,18.1,7363,10.2,1060,1.5,2
Female,77424,37097,47.9,13104,16.9,17413,22.5,8807,11.4,1000,1.3,3
MT. ELGON,72721,38081,52.4,10298,14.2,16086,22.1,7969,11,282,0.4,5
Male,35916,19547,54.4,5541,15.4,7256,20.2,3403,9.5,166,0.5,3
Female,36802,18532,50.4,4757,12.9,8829,24,4566,12.4,116,0.3,2
BUNGOMA WEST,110636,56958,51.5,15814,14.3,25555,23.1,11050,10,1228,1.1,31
Male,53608,28777,53.7,8210,15.3,11202,20.9,4766,8.9,639,1.2,14
Female,57027,28180,49.4,7604,13.3,14353,25.2,6284,11,589,1,17
TONGAREN,92891,47790,51.4,17707,19.1,18403,19.8,8577,9.2,398,0.4,16
Male,44960,24466,54.4,8646,19.2,7817,17.4,3800,8.5,223,0.5,8
Female,47930,23323,48.7,9061,18.9,10586,22.1,4777,10,175,0.4,8
WEBUYE WEST,140446,72319,51.5,26144,18.6,30935,22,9717,6.9,1323,0.9,8
Male,68209,36806,54,13251,19.4,13100,19.2,4337,6.4,710,1,5
Female,72234,35511,49.2,12893,17.8,17835,24.7,5379,7.4,613,0.8,3
MT. ELGON FOREST,3264,1548,47.4,162,5,892,27.3,648,19.9,14,0.4,-
Male,1698,833,49.1,87,5.1,475,28,295,17.4,8,0.5,-
Female,1566,715,45.7,75,4.8,417,26.6,353,22.5,6,0.4,-
BUSIA,820788,405072,49.4,136790,16.7,170347,20.8,102993,12.5,5512,0.7,74
Male,388748,202993,52.2,70030,18,73630,18.9,39069,10,2991,0.8,35
Female,432013,202061,46.8,66760,15.5,96713,22.4,63919,14.8,2521,0.6,39
BUNYALA,79588,38459,48.3,12582,15.8,18852,23.7,8892,11.2,797,1,6
Male,38196,19533,51.1,6901,18.1,8366,21.9,2952,7.7,441,1.2,3
Female,41391,18926,45.7,5681,13.7,10485,25.3,5940,14.4,356,0.9,3
BUSIA,128002,60486,47.3,25528,19.9,25909,20.2,15031,11.7,1010,0.8,38
Male,60908,30010,49.3,13115,21.5,11384,18.7,5829,9.6,550,0.9,20
Female,67093,30475,45.4,12413,18.5,14525,21.6,9202,13.7,460,0.7,18
BUTULA,129739,65364,50.4,19817,15.3,23655,18.2,20108,15.5,792,0.6,3
Male,59856,32668,54.6,9489,15.9,9782,16.3,7512,12.6,403,0.7,2
Female,69880,32695,46.8,10328,14.8,13872,19.9,12595,18,389,0.6,1
NAMBALE,103180,52698,51.1,16456,15.9,20627,20,12421,12,969,0.9,9
Male,48653,26187,53.8,8113,16.7,8869,18.2,4964,10.2,517,1.1,3
Female,54523,26509,48.6,8343,15.3,11757,21.6,7456,13.7,452,0.8,6
SAMIA,99108,48054,48.5,15902,16,21443,21.6,13405,13.5,304,0.3,-
Male,46819,24303,51.9,8394,17.9,9116,19.5,4817,10.3,189,0.4,-
Female,52275,23739,45.4,7508,14.4,12327,23.6,8586,16.4,115,0.2,-
TESO NORTH,126387,63423,50.2,21859,17.3,28497,22.5,12061,9.5,543,0.4,4
Male,60543,31916,52.7,11242,18.6,12290,20.3,4785,7.9,308,0.5,2
Female,65842,31506,47.9,10617,16.1,16207,24.6,7275,11,235,0.4,2
TESO SOUTH,154784,76588,49.5,24646,15.9,31364,20.3,21075,13.6,1097,0.7,14
Male,73773,38376,52,12776,17.3,13823,18.7,8210,11.1,583,0.8,5
Female,81009,38211,47.2,11870,14.7,17540,21.7,12865,15.9,514,0.6,9
SIAYA,919461,441450,48,198100,21.5,184768,20.1,86173,9.4,8648,0.9,322
Male,434630,223195,51.4,97782,22.5,78383,18,30230,7,4877,1.1,163
Female,484814,218250,45,100315,20.7,106377,21.9,55942,11.5,3771,0.8,159
SIAYA,207196,97831,47.2,43168,20.8,41994,20.3,22128,10.7,1965,0.9,110
Male,97050,49139,50.6,21121,21.8,18085,18.6,7523,7.8,1125,1.2,57
Female,110142,48691,44.2,22046,20,23907,21.7,14605,13.3,840,0.8,53
GEM,166766,79914,47.9,34624,20.8,35779,21.5,14980,9,1398,0.8,71
Male,79237,40606,51.2,17056,21.5,15532,19.6,5267,6.6,739,0.9,37
Female,87525,39306,44.9,17567,20.1,20247,23.1,9712,11.1,659,0.8,34
UGENYA,125274,60785,48.5,23705,18.9,24012,19.2,15875,12.7,886,0.7,11
Male,58138,31007,53.3,11369,19.6,9911,17,5314,9.1,530,0.9,7
Female,67132,29777,44.4,12335,18.4,14099,21,10561,15.7,356,0.5,4
UGUNJA,96903,46310,47.8,21591,22.3,18182,18.8,10037,10.4,776,0.8,7
Male,45246,23305,51.5,10587,23.4,7495,16.6,3440,7.6,415,0.9,4
Female,51657,23005,44.5,11004,21.3,10687,20.7,6597,12.8,361,0.7,3
BONDO,181834,86934,47.8,44207,24.3,36522,20.1,12223,6.7,1887,1,61
Male,87903,43785,49.8,22216,25.3,15868,18.1,4844,5.5,1160,1.3,30
Female,93928,43148,45.9,21991,23.4,20652,22,7379,7.9,727,0.8,31
RARIEDA,141488,69676,49.2,30805,21.8,28279,20,10930,7.7,1736,1.2,62
Male,67056,35353,52.7,15433,23,11492,17.1,3842,5.7,908,1.4,28
Female,74430,34323,46.1,15372,20.7,16785,22.6,7088,9.5,828,1.1,34
KISUMU,1061224,504812,47.6,284283,26.8,188709,17.8,75998,7.2,7121,0.7,301
Male,511739,253600,49.6,144815,28.3,80326,15.7,29019,5.7,3831,0.7,148
Female,549465,251209,45.7,139457,25.4,108379,19.7,46977,8.5,3290,0.6,153
KISUMU EAST,202479,89998,44.4,64182,31.7,35745,17.7,11405,5.6,1080,0.5,69
Male,99157,44568,44.9,33362,33.6,15767,15.9,4820,4.9,611,0.6,29
Female,103318,45429,44,30818,29.8,19977,19.3,6585,6.4,469,0.5,40
KISUMU CENTRAL,158191,68344,43.2,61681,39,21121,13.4,5880,3.7,1105,0.7,60
Male,75722,32743,43.2,30767,40.6,8988,11.9,2584,3.4,611,0.8,29
Female,82465,35601,43.2,30911,37.5,12132,14.7,3296,4,494,0.6,31
KISUMU WEST,157473,75229,47.8,42160,26.8,28200,17.9,10912,6.9,932,0.6,40
Male,76922,38152,49.6,21797,28.3,12172,15.8,4255,5.5,525,0.7,21
Female,80548,37077,46,20361,25.3,16027,19.9,6657,8.3,407,0.5,19
SEME,112594,56390,50.1,23769,21.1,20862,18.5,11084,9.8,477,0.4,12
Male,53097,28762,54.2,11729,22.1,8430,15.9,3904,7.4,266,0.5,6
Female,59495,27628,46.4,12039,20.2,12432,20.9,7179,12.1,211,0.4,6
MUHORONI,141120,68825,48.8,28826,20.4,29536,20.9,12651,9,1251,0.9,31
Male,69743,35108,50.3,15374,22,13517,19.4,5054,7.2,672,1,18
Female,71376,33716,47.2,13452,18.8,16019,22.4,7597,10.6,579,0.8,13
NYANDO,149436,73976,49.5,34433,23,27043,18.1,12561,8.4,1381,0.9,42
Male,71048,37454,52.7,17294,24.3,11030,15.5,4526,6.4,723,1,21
Female,78383,36521,46.6,17136,21.9,16013,20.4,8034,10.2,658,0.8,21
NYAKACH,139931,72050,51.5,29232,20.9,26202,18.7,11505,8.2,895,0.6,47
Male,66050,36813,55.7,14492,21.9,10422,15.8,3876,5.9,423,0.6,24
Female,73880,35237,47.7,14740,20,15779,21.4,7629,10.3,472,0.6,23
HOMA BAY,1037468,539753,52,196288,18.9,200313,19.3,94406,9.1,6627,0.6,81
Male,491680,274952,55.9,98363,20,79996,16.3,34878,7.1,3451,0.7,40
Female,545768,264796,48.5,97920,17.9,120311,22,59526,10.9,3174,0.6,41
HOMA BAY,106961,54222,50.7,26496,24.8,17746,16.6,7718,7.2,767,0.7,12
Male,50299,27015,53.7,13192,26.2,6818,13.6,2857,5.7,411,0.8,6
Female,56661,27207,48,13303,23.5,10928,19.3,4861,8.6,356,0.6,6
NDHIWA,198409,105309,53.1,28387,14.3,43093,21.7,20505,10.3,1103,0.6,12
Male,93863,53904,57.4,14641,15.6,17114,18.2,7627,8.1,571,0.6,6
Female,104539,51403,49.2,13745,13.1,25977,24.8,12877,12.3,531,0.5,6
RACHUONYO NORTH,165147,84682,51.3,32958,20,32781,19.8,13878,8.4,829,0.5,19
Male,78464,43300,55.2,16599,21.2,13138,16.7,4949,6.3,468,0.6,10
Female,86679,41382,47.7,16359,18.9,19640,22.7,8928,10.3,361,0.4,9
RACHUONYO EAST,112267,60292,53.7,20594,18.3,21293,19,9434,8.4,652,0.6,2
Male,52912,30901,58.4,10085,19.1,8337,15.8,3260,6.2,328,0.6,1
Female,59353,29390,49.5,10508,17.7,12956,21.8,6174,10.4,324,0.5,1
RACHUONYO SOUTH,120330,63280,52.6,26103,21.7,21508,17.9,8804,7.3,633,0.5,2
Male,56383,31952,56.7,12557,22.3,8379,14.9,3160,5.6,334,0.6,1
Female,63947,31328,49,13546,21.2,13129,20.5,5644,8.8,299,0.5,1
RANGWE,108345,57746,53.3,17420,16.1,20795,19.2,10835,10,1535,1.4,14
Male,50653,29547,58.3,8345,16.5,8132,16.1,3862,7.6,762,1.5,5
Female,57689,28197,48.9,9075,15.7,12663,22,6973,12.1,772,1.3,9
SUBA NORTH,114461,56957,49.8,24214,21.2,22750,19.9,9855,8.6,680,0.6,5
Male,55323,28966,52.4,12562,22.7,9559,17.3,3871,7,362,0.7,3
Female,59137,27991,47.3,11652,19.7,13190,22.3,5984,10.1,318,0.5,2
SUBA SOUTH,111548,57265,51.3,20116,18,20347,18.2,13377,12,428,0.4,15
Male,53783,29367,54.6,10382,19.3,8519,15.8,5292,9.8,215,0.4,8
Female,57763,27898,48.3,9732,16.8,11828,20.5,8085,14,213,0.4,7
MIGORI,1016399,522757,51.4,171900,16.9,197075,19.4,114682,11.3,9774,1,211
Male,486357,265417,54.6,88443,18.2,81365,16.7,46115,9.5,4923,1,94
Female,530012,257326,48.6,83455,15.7,115706,21.8,68559,12.9,4849,0.9,117
AWENDO,107090,56849,53.1,20331,19,22396,20.9,6982,6.5,503,0.5,29
Male,51345,29012,56.5,10532,20.5,8958,17.4,2527,4.9,303,0.6,13
Female,55743,27836,49.9,9799,17.6,13437,24.1,4455,8,200,0.4,16
KURIA EAST,88045,44090,50.1,10775,12.2,13316,15.1,18969,21.5,866,1,29
Male,42653,22712,53.2,5604,13.1,5847,13.7,8045,18.9,434,1,11
Female,45385,21375,47.1,5171,11.4,7469,16.5,10920,24.1,432,1,18
KURIA WEST,189956,94801,49.9,27897,14.7,34109,18,31689,16.7,1416,0.7,44
Male,92003,47912,52.1,14757,16,15094,16.4,13498,14.7,727,0.8,15
Female,97947,46886,47.9,13140,13.4,19015,19.4,18188,18.6,689,0.7,29
NYATIKE,159883,81986,51.3,25426,15.9,34550,21.6,15550,9.7,2344,1.5,27
Male,75746,41715,55.1,13232,17.5,13854,18.3,5785,7.6,1145,1.5,15
Female,84130,40267,47.9,12194,14.5,20694,24.6,9764,11.6,1199,1.4,12
RONGO,114373,60225,52.7,22865,20,20964,18.3,9381,8.2,928,0.8,10
Male,54154,30467,56.3,11382,21,8361,15.4,3517,6.5,425,0.8,2
Female,60218,29757,49.4,11483,19.1,12603,20.9,5864,9.7,503,0.8,8
SUNA EAST,111811,57149,51.1,23262,20.8,21617,19.3,8475,7.6,1276,1.1,32
Male,53380,28762,53.9,11809,22.1,8815,16.5,3330,6.2,646,1.2,18
Female,58428,28385,48.6,11452,19.6,12802,21.9,5145,8.8,630,1.1,14
SUNA WEST,115745,58786,50.8,19815,17.1,22302,19.3,13764,11.9,1073,0.9,5
Male,54921,29543,53.8,10068,18.3,9148,16.7,5625,10.2,534,1,3
Female,60823,29243,48.1,9747,16,13153,21.6,8139,13.4,539,0.9,2
URIRI,129496,68871,53.2,21529,16.6,27821,21.5,9872,7.6,1368,1.1,35
Male,62155,35294,56.8,11059,17.8,11288,18.2,3788,6.1,709,1.1,17
Female,67338,33577,49.9,10469,15.5,16533,24.6,6084,9,657,1,18
KISII,1179067,557477,47.3,250730,21.3,248244,21.1,116381,9.9,6092,0.5,143
Male,561241,282802,50.4,127184,22.7,104190,18.6,43902,7.8,3097,0.6,66
Female,617793,274662,44.5,123540,20,144048,23.3,72471,11.7,2995,0.5,77
ETAGO,78104,39960,51.2,10675,13.7,17546,22.5,9692,12.4,226,0.3,5
Male,37316,20355,54.5,5645,15.1,7401,19.8,3794,10.2,119,0.3,2
Female,40785,19604,48.1,5030,12.3,10144,24.9,5897,14.5,107,0.3,3
GUCHA,77635,37772,48.7,15315,19.7,16278,21,7445,9.6,803,1,22
Male,36552,19109,52.3,7576,20.7,6657,18.2,2762,7.6,438,1.2,10
Female,41082,18663,45.4,7739,18.8,9621,23.4,4682,11.4,365,0.9,12
GUCHA SOUTH,77984,38156,48.9,13482,17.3,16839,21.6,8882,11.4,592,0.8,33
Male,37202,19473,52.3,6840,18.4,7187,19.3,3402,9.1,282,0.8,18
Female,40779,18682,45.8,6640,16.3,9652,23.7,5480,13.4,310,0.8,15
KENYENYA,122925,59619,48.5,23835,19.4,26141,21.3,12676,10.3,644,0.5,10
Male,58489,30262,51.7,12242,20.9,10806,18.5,4857,8.3,317,0.5,5
Female,64434,29356,45.6,11593,18,15335,23.8,7818,12.1,327,0.5,5
KISII CENTRAL,153169,68085,44.5,44068,28.8,28889,18.9,11388,7.4,729,0.5,10
Male,73940,34485,46.6,22437,30.3,12255,16.6,4398,5.9,361,0.5,4
Female,79226,33599,42.4,21631,27.3,16633,21,6989,8.8,368,0.5,6
KISII SOUTH,126037,59783,47.4,25134,19.9,25518,20.2,15172,12,428,0.3,2
Male,59998,30077,50.1,12660,21.1,11245,18.7,5786,9.6,228,0.4,2
Female,66034,29702,45,12473,18.9,14273,21.6,9386,14.2,200,0.3,-
KITUTU CENTRAL,143117,64027,44.7,38458,26.9,28928,20.2,11008,7.7,672,0.5,24
Male,68958,32137,46.6,19362,28.1,12897,18.7,4176,6.1,374,0.5,12
Female,74154,31889,43,19094,25.7,16029,21.6,6832,9.2,298,0.4,12
MARANI,100436,47285,47.1,17949,17.9,23329,23.2,11487,11.4,366,0.4,20
Male,47090,24220,51.4,9037,19.2,9418,20,4216,9,191,0.4,8
Female,53345,23064,43.2,8912,16.7,13911,26.1,7271,13.6,175,0.3,12
MASABA SOUTH,114613,54102,47.2,25882,22.6,24544,21.4,9293,8.1,786,0.7,6
Male,54167,27657,51.1,13042,24.1,9799,18.1,3303,6.1,363,0.7,3
Female,60442,26444,43.8,12840,21.2,14743,24.4,5989,9.9,423,0.7,3
NYAMACHE,122459,58975,48.2,23761,19.4,26245,21.4,12907,10.5,562,0.5,9
Male,57910,30113,52,12098,20.9,10699,18.5,4722,8.2,277,0.5,1
Female,64547,28862,44.7,11662,18.1,15546,24.1,8184,12.7,285,0.4,8
SAMETA,62588,29713,47.5,12171,19.4,13987,22.3,6431,10.3,284,0.5,2
Male,29619,14914,50.4,6245,21.1,5826,19.7,2486,8.4,147,0.5,1
Female,32965,14797,44.9,5926,18,8161,24.8,3943,12,137,0.4,1
NYAMIRA,566741,260426,46,129917,22.9,111433,19.7,61480,10.8,3431,0.6,54
Male,271344,132577,48.9,65482,24.1,47174,17.4,24389,9,1701,0.6,21
Female,295385,127840,43.3,64433,21.8,64258,21.8,37091,12.6,1730,0.6,33
BORABU,68779,30834,44.8,18623,27.1,12272,17.8,6531,9.5,512,0.7,7
Male,34446,15988,46.4,9755,28.3,5570,16.2,2892,8.4,239,0.7,2
Female,34333,14846,43.2,8868,25.8,6702,19.5,3639,10.6,273,0.8,5
MANGA,88406,40147,45.4,22106,25,14960,16.9,10811,12.2,369,0.4,13
Male,41976,20317,48.4,11017,26.2,6195,14.8,4275,10.2,167,0.4,5
Female,46428,19828,42.7,11089,23.9,8765,18.9,6536,14.1,202,0.4,8
MASABA NORTH,104344,47656,45.7,24917,23.9,19783,19,11634,11.1,347,0.3,7
Male,49088,24105,49.1,12472,25.4,7958,16.2,4382,8.9,168,0.3,3
Female,55254,23550,42.6,12444,22.5,11825,21.4,7252,13.1,179,0.3,4
NYAMIRA NORTH,156770,73889,47.1,31253,19.9,32674,20.8,17828,11.4,1123,0.7,3
Male,75072,37652,50.2,15699,20.9,14010,18.7,7134,9.5,575,0.8,2
Female,81693,36233,44.4,15554,19,18663,22.8,10694,13.1,548,0.7,1
NYAMIRA SOUTH,148442,67900,45.7,33018,22.2,31744,21.4,14676,9.9,1080,0.7,24
Male,70762,34515,48.8,16539,23.4,13441,19,5706,8.1,552,0.8,9
Female,77677,33383,43,16478,21.2,18303,23.6,8970,11.5,528,0.7,15
NAIROBI CITY,4010447,1358304,33.9,1921640,47.9,505807,12.6,187364,4.7,35729,0.9,1603
Male,1986852,671188,33.8,984163,49.5,228088,11.5,83093,4.2,19514,1,806
Female,2023404,687064,34,937410,46.3,277670,13.7,104255,5.2,16211,0.8,794
DAGORETTI,398369,133970,33.6,184694,46.4,61613,15.5,14655,3.7,3263,0.8,174
Male,199539,65978,33.1,96589,48.4,28266,14.2,6709,3.4,1909,1,88
Female,198804,67984,34.2,88093,44.3,33342,16.8,7945,4,1354,0.7,86
EMBAKASI,904247,298718,33,469862,52,96184,10.6,31817,3.5,7374,0.8,292
Male,449669,146665,32.6,242593,53.9,41871,9.3,14469,3.2,3922,0.9,149
Female,454540,152044,33.5,227255,50,54303,11.9,17344,3.8,3452,0.8,142
KAMUKUNJI,242507,76129,31.4,89024,36.7,32671,13.5,41976,17.3,2560,1.1,147
Male,122131,38702,31.7,48523,39.7,15827,13,17406,14.3,1599,1.3,74
Female,120369,37427,31.1,40499,33.6,16840,14,24569,20.4,961,0.8,73
KASARANI,710889,246064,34.6,350997,49.4,82530,11.6,24115,3.4,6962,1,221
Male,344378,121382,35.2,172727,50.2,35668,10.4,10936,3.2,3557,1,108
Female,366478,124669,34,178266,48.6,46851,12.8,13174,3.6,3405,0.9,113
KIBRA,169509,64675,38.2,69361,40.9,27119,16,6547,3.9,1755,1,52
Male,85815,31846,37.1,37211,43.4,12797,14.9,2953,3.4,984,1.1,24
Female,83687,32828,39.2,32146,38.4,14320,17.1,3594,4.3,771,0.9,28
LANG'ATA,180488,63974,35.4,85992,47.6,20561,11.4,8081,4.5,1805,1,75
Male,87399,31677,36.2,42299,48.4,9224,10.6,3173,3.6,994,1.1,32
Female,93081,32294,34.7,43692,46.9,11335,12.2,4908,5.3,810,0.9,42
MAKADARA,176283,55981,31.8,92765,52.6,20547,11.7,5759,3.3,1189,0.7,42
Male,89283,27872,31.2,48411,54.2,9575,10.7,2764,3.1,637,0.7,24
Female,86991,28105,32.3,44353,51,10970,12.6,2995,3.4,550,0.6,18
MATHARE,188625,61040,32.4,77503,41.1,35910,19,12099,6.4,1966,1,107
Male,97147,30150,31,42264,43.5,17612,18.1,5830,6,1236,1.3,55
Female,91465,30888,33.8,35234,38.5,18293,20,6268,6.9,730,0.8,52
NJIRU,573474,205700,35.9,268935,46.9,74809,13,20046,3.5,3746,0.7,238
Male,280310,101161,36.1,134234,47.9,33012,11.8,9667,3.4,2112,0.8,124
Female,293137,104534,35.7,134687,45.9,41793,14.3,10376,3.5,1634,0.6,113
STAREHE,182149,63879,35.1,82615,45.4,20722,11.4,12498,6.9,2277,1.3,158
Male,90480,32284,35.7,42791,47.3,9273,10.2,4884,5.4,1164,1.3,84
Female,91660,31593,34.5,39820,43.4,11447,12.5,7614,8.3,1112,1.2,74
WESTLANDS,283907,88174,31.1,149892,52.8,33141,11.7,9771,3.4,2832,1,97
Male,140701,43471,30.9,76521,54.4,14963,10.6,4302,3.1,1400,1,44
Female,143192,44698,31.2,73365,51.2,18176,12.7,5468,3.8,1432,1,53
