County/Sub County,Total ,Visual Male,Visual Female,Visual Total,Hearing Male,Hearing Female,Hearing Total,Mobility Male,Mobility Female,Mobility Total,Cognition Male,Cognition Female,Cognition Total,Self-Care Male,Self-Care Female,Self-care Total,Communication Male,Communication Female
KENYA,333520,135965,197542,153361,67626,85728,385417,146966,238432,212798,89814,122959,139929,65950,73966,111356,60701,50641
Rural,259019,105603,153412,129518,56467,73047,319330,120401,198917,180606,75581,105013,115260,54225,61027,88785,48353,40423
Urban,74501,30362,44130,23843,11159,12681,66087,26565,39515,32192,14233,17946,24669,11725,12939,22571,12348,10218
MOMBASA,5600,2338,3262,2116,1019,1097,5202,2235,2967,2693,1245,1447,2201,1092,1109,2211,1223,988
CHANGAMWE,444,187,257,181,100,81,480,223,257,278,127,151,234,116,118,288,166,122
JOMVU,802,349,453,335,170,165,736,324,412,396,177,219,292,146,146,311,171,140
KISAUNI,1643,668,975,529,245,284,1219,516,703,690,314,375,477,244,233,512,270,242
LIKONI,836,334,502,359,174,185,727,306,421,440,204,236,337,166,171,385,204,181
MVITA,845,334,511,370,168,202,1188,466,722,493,223,270,483,219,264,358,202,156
NYALI,1030,466,564,342,162,180,852,400,452,396,200,196,378,201,177,357,210,147
KWALE,3623,1673,1950,2328,1087,1241,4744,2091,2653,2657,1191,1466,2304,1150,1154,2062,1135,927
KINANGO,387,181,206,260,131,129,489,212,277,277,114,163,233,109,124,236,125,111
LUNGA LUNGA,682,328,354,560,251,309,1008,467,541,599,275,324,556,278,278,487,271,216
MATUGA,717,327,390,479,211,268,1008,467,541,603,272,331,478,246,232,451,239,212
MSAMBWENI,942,423,519,476,228,248,1149,471,678,587,251,336,533,265,268,419,235,184
SAMBURU,895,414,481,553,266,287,1090,474,616,591,279,312,504,252,252,469,265,204
KILIFI,6353,2686,3667,3569,1520,2049,7746,3316,4430,4075,1823,2252,3647,1752,1895,3274,1735,1539
CHONYI,209,103,106,158,69,89,308,145,163,165,78,87,147,74,73,144,72,72
GANZE,624,283,341,437,181,256,915,395,520,478,215,263,419,190,229,342,173,169
KALOLENI,887,392,495,495,209,286,1113,471,642,548,216,332,512,242,270,484,233,251
KAUMA,95,53,42,83,41,42,145,84,61,64,34,30,58,35,23,65,42,23
KILIFI NORTH,916,335,581,442,177,265,889,353,536,495,221,274,402,203,199,370,202,168
KILIFI SOUTH,821,326,495,391,166,225,838,352,486,439,193,246,375,181,194,379,204,175
MAGARINI,898,423,475,552,242,310,1161,535,626,629,299,330,625,309,316,513,284,229
MALINDI,1393,578,815,732,320,412,1757,734,1023,927,413,514,844,397,447,726,398,328
RABAI,510,193,317,279,115,164,620,247,373,330,154,176,265,121,144,251,127,124
TANA RIVER,1341,651,690,860,366,494,1513,720,793,877,429,448,834,423,411,595,328,267
TANA DELTA,544,273,271,338,149,189,604,295,309,372,182,190,316,164,152,241,146,95
TANA NORTH,368,175,193,248,103,145,445,213,232,216,102,114,249,121,128,157,77,80
TANA RIVER,429,203,226,274,114,160,464,212,252,289,145,144,269,138,131,197,105,92
LAMU,866,418,448,395,185,210,931,384,547,622,278,344,427,210,217,330,180,150
LAMU EAST,152,78,74,98,44,54,208,78,130,150,65,85,90,42,48,48,28,20
LAMU WEST,714,340,374,297,141,156,723,306,417,472,213,259,337,168,169,282,152,130
TAITA/TAVETA,2809,1175,1634,1332,560,772,3501,1376,2125,2290,952,1336,1556,744,812,1185,648,536
MWATATE,991,378,613,488,194,294,1190,443,747,779,301,478,471,212,259,361,188,172
TAITA,458,186,272,233,92,141,657,234,423,455,183,272,319,150,169,236,127,109
TAVETA,504,237,267,251,122,129,637,307,330,403,176,227,319,170,149,246,149,97
VOI,856,374,482,360,152,208,1017,392,625,653,292,359,447,212,235,342,184,158
GARISSA,1285,666,619,1289,676,613,2015,1078,937,1682,944,737,1909,1036,873,1033,571,462
BALAMBALA,6,5,1,4,2,2,22,17,5,28,20,7,31,26,5,5,3,2
DADAAB,281,160,121,304,144,160,534,282,252,419,221,198,550,285,265,270,139,131
FAFI,128,56,72,107,63,44,182,86,96,132,79,53,122,73,49,82,44,38
GARISSA,180,64,116,155,75,80,302,143,159,142,80,62,207,99,108,121,69,52
HULUGHO,387,249,138,379,233,146,480,313,167,510,339,171,520,341,179,239,161,78
IJARA,280,123,157,252,114,138,372,174,198,347,163,184,381,175,206,246,123,123
LAGDERA,23,9,14,88,45,43,123,63,60,104,42,62,98,37,61,70,32,38
WAJIR,830,447,383,1005,543,462,1629,877,752,1270,664,606,1392,751,641,760,422,338
BUNA,38,21,17,44,22,22,67,41,26,53,31,22,71,37,34,48,29,19
ELDAS,267,148,119,331,177,154,517,277,240,554,289,265,560,301,259,222,107,115
HABASWEIN,122,58,64,162,85,77,244,128,116,123,57,66,166,75,91,110,65,45
TARBAJ,34,15,19,28,11,17,50,20,30,49,29,20,55,32,23,29,18,11
WAJIR EAST,94,50,44,90,54,36,150,78,72,102,51,51,118,67,51,59,42,17
WAJIR NORTH,16,7,9,21,8,13,47,21,26,27,12,15,30,14,16,16,5,11
WAJIR SOUTH,171,103,68,225,135,90,406,240,166,261,147,114,268,160,108,197,116,81
WAJIR WEST,88,45,43,104,51,53,148,72,76,101,48,53,124,65,59,79,40,39
MANDERA,1736,894,842,1696,855,841,2526,1282,1243,2187,1117,1069,2404,1219,1184,1486,770,715
MANDERA WEST,111,63,48,134,70,64,200,115,85,165,90,75,192,105,87,90,44,46
BANISA,338,207,131,359,208,151,501,283,218,449,263,186,489,291,198,313,181,132
KOTULO,308,140,168,215,99,116,284,123,160,304,138,165,290,127,162,243,117,125
LAFEY,335,178,157,308,149,159,425,200,225,449,219,230,514,258,256,285,139,146
MANDERA CENTRAL,148,69,79,168,69,99,259,121,138,238,111,127,270,127,143,177,104,73
MANDERA EAST,224,114,110,161,77,84,387,199,188,178,87,91,231,101,130,138,69,69
MANDERA NORTH,272,123,149,351,183,168,470,241,229,404,209,195,418,210,208,240,116,124
MARSABIT,1137,516,621,725,336,389,1216,582,634,621,303,318,619,299,320,451,230,221
LOIYANGALANI,122,45,77,87,31,56,118,49,69,57,21,36,54,20,34,44,17,27
MARSABIT CENTRAL,235,108,127,133,64,69,230,103,127,103,49,54,109,59,50,77,41,36
MARSABIT NORTH,104,51,53,55,26,29,79,46,33,49,22,27,57,28,29,29,12,17
MARSABIT SOUTH,156,63,93,138,55,83,189,84,105,120,52,68,106,46,60,101,50,51
MOYALE,211,99,112,124,62,62,256,128,128,121,64,57,121,56,65,94,50,44
NORTH HORR,170,90,80,104,56,48,170,86,84,101,53,48,102,56,46,58,31,27
SOLOLO,139,60,79,84,42,42,174,86,88,70,42,28,70,34,36,48,29,19
ISIOLO,1040,402,638,566,265,301,980,446,534,509,248,261,498,234,264,358,200,158
GARBATULLA,148,73,75,96,49,47,164,83,81,89,52,37,82,37,45,59,36,23
ISIOLO,715,257,458,365,164,201,621,278,343,333,158,175,331,157,174,220,116,104
MERTI,177,72,105,105,52,53,195,85,110,87,38,49,85,40,45,79,48,31
MERU,19508,7488,12019,9273,4108,5165,19289,7567,11722,14135,6456,7678,7577,4004,3573,4843,2766,2077
BUURI EAST,1452,487,965,516,212,304,1567,528,1039,1023,424,599,493,229,264,264,145,119
BUURI WEST,1030,391,639,376,179,197,919,357,562,632,272,360,314,142,172,222,126,96
IGEMBE CENTRAL,1805,742,1063,1041,501,540,1560,698,862,1362,761,601,891,549,342,576,359,217
IGEMBE NORTH,1388,590,798,923,419,504,1471,613,858,1081,565,516,680,384,296,432,258,174
IGEMBE SOUTH,1296,514,782,734,338,396,1116,478,638,959,473,486,629,370,259,444,276,168
IMENTI NORTH,2265,856,1409,912,383,529,2406,886,1520,1706,720,986,788,390,398,517,296,221
IMENTI SOUTH,3449,1337,2111,1351,593,758,3589,1363,2226,2358,1024,1334,1091,546,545,702,381,321
MERU CENTRAL,2414,914,1500,1074,494,580,2611,1027,1584,1616,712,904,756,371,385,462,262,200
TIGANIA CENTRAL,1517,590,927,860,374,486,1280,520,760,1131,545,586,634,361,273,433,244,189
TIGANIA EAST,803,315,488,454,199,255,845,352,493,681,302,378,493,264,229,253,130,123
TIGANIA WEST,2083,747,1336,1029,413,616,1918,740,1178,1584,656,928,808,398,410,538,289,249
MERU NATIONAL PARK,1,-,1,-,-,-,-,-,-,-,-,-,-,-,-,-,-,-
MT. KENYA FOREST,5,5,-,3,3,-,7,5,2,2,2,-,-,-,-,-,-,-
THARAKA-NITHI,4840,1960,2880,2421,1036,1385,5182,2031,3151,3887,1574,2313,2071,966,1105,1438,789,649
IGAMBANG'OMBE,573,238,335,338,150,188,640,263,377,523,209,314,294,132,162,222,118,104
MAARA,1527,621,906,716,302,414,1828,685,1143,1444,601,843,658,316,342,392,225,167
MERU SOUTH,1212,454,758,487,207,280,1319,502,817,975,387,588,513,245,268,378,206,172
THARAKA NORTH,476,203,273,313,134,179,456,200,256,318,127,191,223,99,124,173,96,77
THARAKA SOUTH,1052,444,608,567,243,324,938,381,557,627,250,377,383,174,209,273,144,129
MT. KENYA FOREST,-,-,-,-,-,-,1,-,1,-,-,-,-,-,-,-,-,-
EMBU,9130,3321,5809,3866,1588,2277,10030,3514,6515,7043,2884,4158,3429,1675,1754,2523,1387,1135
EMBU EAST,2160,777,1383,902,364,538,2752,963,1789,1985,790,1195,915,450,465,636,361,275
EMBU NORTH,1141,378,763,383,159,224,1310,448,862,872,368,504,459,213,246,329,173,156
EMBU WEST,1495,515,980,506,217,289,1596,553,1043,1011,444,567,535,243,292,404,213,191
MBEERE SOUTH,2516,964,1552,1163,488,674,2548,894,1653,1824,774,1049,913,505,408,654,408,245
MBEERE NORTH,1818,687,1131,911,359,552,1824,656,1168,1351,508,843,607,264,343,500,232,268
MT. KENYA FOREST,-,-,-,1,1,-,-,-,-,-,-,-,-,-,-,-,-,-
KITUI,9528,3926,5602,5073,2166,2907,12028,4539,7489,5844,2624,3220,4233,2066,2167,3989,2203,1785
IKUTHA,656,289,367,373,164,209,887,338,549,434,184,250,299,153,146,276,153,123
KATULANI,343,130,213,180,70,110,412,173,239,259,122,137,163,86,77,149,97,52
KISASI,437,180,257,226,84,142,578,217,361,285,137,148,192,96,96,200,111,89
KITUI CENTRAL,546,214,332,331,141,190,761,285,476,398,207,191,330,170,160,272,164,108
KITUI WEST,562,212,350,295,121,174,876,300,576,429,186,243,312,131,181,265,140,125
KYUSO,743,356,387,364,165,199,760,314,446,408,200,208,264,138,126,302,174,128
LOWER YATTA,679,278,401,321,135,186,767,288,479,423,180,243,278,132,146,237,137,100
MATINYANI,595,212,383,297,115,182,773,271,502,425,173,252,231,118,113,221,130,91
MIGWANI,574,205,369,296,115,181,842,281,561,405,165,240,332,154,178,289,147,142
MUMONI,286,118,168,137,50,87,330,117,213,146,63,83,105,51,54,99,57,42
MUTITU,472,200,272,278,123,155,578,216,362,217,90,127,140,67,73,167,92,75
MUTITU NORTH,294,104,190,124,52,72,355,122,233,145,59,86,105,48,57,80,45,35
MUTOMO,945,415,530,530,259,271,1202,494,708,545,274,271,437,222,215,435,248,
MWINGI CENTRAL,698,289,409,389,174,215,890,358,532,417,184,233,364,174,190,356,172,184
MWINGI EAST,972,405,567,515,227,288,1133,432,701,466,204,262,312,152,160,312,170,142
NZAMBANI,299,112,187,171,69,102,369,122,247,212,97,115,166,84,82,149,76,72
THAGICU,146,79,67,85,43,42,186,85,101,91,47,44,60,31,29,49,29,20
TSEIKURU,281,128,153,161,59,102,329,126,203,139,52,87,143,59,84,131,61,70
MACHAKOS,11121,4487,6634,4987,2088,2899,14236,5293,8942,7354,3232,4121,5034,2326,2707,4023,2200,1823
ATHI RIVER,1401,630,771,419,220,199,1062,463,599,487,244,243,420,209,211,419,259,160
KALAMA,407,166,241,183,75,108,585,218,367,272,116,156,225,101,124,156,78,78
KANGUNDO,1185,463,722,564,234,330,1658,573,1085,924,414,510,663,328,335,448,258,190
KATHIANI,1394,491,903,625,218,407,1972,616,1356,962,346,616,574,237,337,406,192,214
MACHAKOS,1416,548,868,601,250,351,1770,645,1125,900,379,521,566,256,310,450,234,216
MASINGA,1182,496,686,616,269,347,1631,628,1003,823,369,454,536,257,279,489,266,223
MATUNGULU,1514,602,912,693,306,387,1875,688,1187,989,451,538,621,286,335,467,264,203
MWALA,1419,611,808,679,261,418,2087,824,1262,1109,504,604,797,358,438,643,346,297
YATTA,1203,480,723,607,255,352,1596,638,958,888,409,479,632,294,338,545,303,242
MAKUENI,13399,5250,8149,6370,2595,3775,16632,5927,10705,9245,3700,5544,5378,2422,2955,4185,2298,1886
KATHONZWENI,1145,500,645,519,238,281,1411,535,876,778,325,453,479,227,252,373,215,158
KIBWEZI,3157,1196,1961,1553,633,920,3200,1136,2064,2183,834,1349,1036,479,557,864,483,381
KILUNGU,560,222,338,272,100,172,969,327,642,522,190,332,325,141,184,236,126,110
MAKINDU,1306,515,791,580,217,363,1304,447,857,730,279,451,450,194,256,345,173,172
MAKUENI,1760,665,1095,751,303,448,2349,838,1511,1221,477,744,752,321,431,562,301,261
MBOONI EAST,1545,601,944,693,296,397,1907,677,1230,985,423,561,626,276,349,479,273,205
MBOONI WEST,1204,450,754,599,228,371,1724,642,1082,767,331,436,526,241,285,409,233,176
MUKAA,1328,557,771,678,289,389,1934,697,1237,940,390,550,560,238,322,407,217,190
NZAUI,1394,544,850,725,291,434,1834,628,1206,1119,451,668,624,305,319,510,277,233
NYANDARUA,5036,2016,3020,1897,847,1050,7623,2654,4969,4298,1825,2472,2489,1181,1307,1784,1032,752
KINANGOP,729,263,466,255,112,143,1085,393,692,601,263,338,332,167,165,290,175,115
NYANDARUA SOUTH,752,316,436,264,122,142,1037,371,666,545,251,294,313,153,160,257,143,114
MIRANGINE,492,201,291,189,89,100,747,271,476,417,176,241,261,117,144,182,99,83
KIPIPIRI,917,355,562,337,143,194,1386,463,923,720,302,417,454,213,240,277,158,119
NYANDARUA CENTRAL,525,222,303,194,88,106,744,250,494,467,201,266,286,148,138,185,115,70
NYANDARUA WEST,819,327,492,306,142,164,1241,437,804,729,298,431,392,186,206,267,151,116
NYANDARUA NORTH,802,332,470,352,151,201,1383,469,914,819,334,485,451,197,254,326,191,135
ABERDARE NATIONAL PARK,-,-,-,-,-,-,-,-,-,-,-,-,-,-,-,-,-,-
NYERI,6530,2422,4108,2513,1048,1465,11243,3768,7474,5468,2260,3207,3692,1634,2057,2437,1322,1114
TETU,583,226,357,276,104,172,1292,428,864,585,237,348,455,201,254,292,168,124
KIENI EAST,1120,416,704,386,177,209,1590,555,1035,791,322,469,458,199,259,317,177,140
KIENI WEST,1077,424,653,340,136,204,1516,483,1033,742,304,438,478,218,260,303,159,144
MATHIRA EAST,887,297,590,319,116,203,1295,429,866,662,265,397,440,197,243,297,147,150
MATHIRA WEST,653,251,402,263,107,156,1313,442,871,610,265,345,424,192,232,286,155,131
NYERI SOUTH,665,243,422,288,126,162,1310,454,856,651,287,364,427,189,238,285,155,130
MUKURWE-INI,729,286,443,323,144,179,1715,526,1188,816,317,498,532,222,309,320,173,146
NYERI CENTRAL,815,278,537,318,138,180,1212,451,761,611,263,348,478,216,262,337,188,149
MT. KENYA FOREST,1,1,-,-,-,-,-,-,-,-,-,-,-,-,-,-,-,-
ABERDARE FOREST,-,-,-,-,-,-,-,-,-,-,-,-,-,-,-,-,-,-
KIRINYAGA,6219,2201,4018,2292,933,1359,9275,3019,6254,4967,2009,2958,3016,1360,1655,2019,1058,960
KIRINYAGA CENTRAL,1067,366,701,420,168,252,1701,539,1162,813,354,459,600,260,340,364,188,176
KIRINYAGA EAST,1483,531,952,545,221,324,2411,795,1616,1265,535,730,790,348,442,488,247,241
KIRINYAGA WEST,1347,480,867,512,208,304,2051,659,1391,1123,403,720,656,279,376,410,227,182
MWEA EAST,1235,436,799,414,183,231,1609,533,1075,896,370,526,499,248,251,399,204,195
MWEA WEST,1087,388,699,401,153,248,1503,493,1010,870,347,523,471,225,246,358,192,166
MT. KENYA FOREST,-,-,-,-,-,-,-,-,-,-,-,-,-,-,-,-,-,-
MURANG'A,10411,3892,6518,4402,1858,2544,18630,6206,12424,8336,3558,4778,5822,2652,3170,3664,1994,1669
MURANG'A EAST,967,361,606,389,163,226,1641,564,1077,772,324,448,543,259,284,353,183,170
KANGEMA,940,339,601,356,154,202,1702,556,1146,772,320,452,544,268,276,330,179,151
MATHIOYA,1015,367,648,445,189,256,1736,539,1197,898,384,514,565,254,311,304,175,129
KAHURO,992,384,608,466,205,261,2104,715,1389,800,335,465,571,253,318,367,199,168
MURANG'A SOUTH,1854,683,1171,773,314,459,2901,986,1915,1415,585,830,888,394,494,662,340,322
GATANGA,1497,590,906,646,287,359,2705,941,1764,1233,563,670,844,395,449,549,302,247
KIGUMO,1335,507,828,566,237,329,2566,851,1715,1080,477,603,818,381,437,477,282,195
KANDARA,1811,661,1150,761,309,452,3275,1054,2221,1366,570,796,1049,448,601,622,334,287
ABERDARE FOREST,-,-,-,-,-,-,-,-,-,-,-,-,-,-,-,-,-,-
KIAMBU,16320,6370,9947,4964,2263,2700,19574,6917,12654,9363,4118,5243,6842,3032,3808,5186,2821,2364
GATUNDU NORTH,1121,422,699,428,170,258,1821,603,1218,845,360,485,638,286,352,412,227,185
GATUNDU SOUTH,1182,476,706,389,180,209,1905,643,1261,881,390,491,690,287,403,383,212,171
GITHUNGURI,1390,541,849,545,254,291,2298,771,1527,1048,432,616,760,332,428,488,274,214
JUJA,1709,678,1031,487,221,266,1529,559,969,814,371,443,621,294,327,561,316,245
KABETE,1264,496,768,320,139,181,1622,572,1050,714,331,383,534,238,295,399,212,187
KIAMBAA,1350,560,789,393,184,209,1599,591,1007,708,332,376,512,223,289,405,234,171
KIAMBU,905,321,584,280,129,151,1103,374,729,563,226,337,375,160,215,308,162,146
KIKUYU,1665,623,1042,404,172,232,1559,528,1031,771,344,427,512,230,282,378,203,175
LARI,1239,478,761,408,192,216,1616,567,1049,777,338,439,540,236,304,403,217,186
LIMURU,1238,476,762,382,176,206,1644,563,1081,709,299,410,512,224,288,372,199,173
RUIRU,1675,675,999,488,244,244,1373,572,801,791,378,413,572,276,296,590,309,281
THIKA EAST,352,144,208,102,47,55,445,144,301,218,96,122,149,60,89,110,56,54
THIKA WEST,1230,480,749,338,155,182,1060,430,630,524,221,301,427,186,240,377,200,176
TURKANA,2907,1308,1599,1817,903,914,3184,1628,1556,2071,1093,978,2230,1163,1067,1429,777,652
KIBISH,105,32,73,61,23,38,79,35,44,61,36,25,77,39,38,28,14,14
LOIMA,326,143,183,210,105,105,336,154,182,161,68,93,172,77,95,127,53,74
TURKANA CENTRAL,586,243,343,391,194,197,612,298,314,299,146,153,337,163,174,218,116,102
TURKANA EAST,302,158,144,295,160,135,413,235,178,322,186,136,344,195,149,281,169,112
TURKANA NORTH,203,76,127,102,37,65,166,67,99,84,40,44,99,34,65,64,29,35
TURKANA SOUTH,487,220,267,312,154,158,559,291,268,328,150,178,399,212,187,204,111,93
TURKANA WEST,898,436,462,446,230,216,1019,548,471,816,467,349,802,443,359,507,285,222
WEST POKOT,1909,862,1047,1527,733,794,2271,1051,1220,1269,593,676,1249,587,662,1030,524,506
KIPKOMO,311,150,161,245,116,129,460,216,244,215,102,113,155,81,74,122,69,53
POKOT CENTRAL,249,108,141,240,108,132,303,142,161,125,51,74,119,54,65,109,58,51
POKOT NORTH,371,157,214,239,122,117,377,171,206,186,92,94,209,98,111,131,68,63
POKOT SOUTH,106,46,60,107,53,54,182,77,105,112,55,57,119,56,63,83,38,45
WEST POKOT,872,401,471,696,334,362,949,445,504,631,293,338,647,298,349,585,291,294
SAMBURU,1302,511,791,908,416,492,1096,521,575,612,301,311,680,318,362,448,234,214
SAMBURU CENTRAL,611,248,363,469,236,233,543,274,269,312,165,147,335,163,172,224,131,93
SAMBURU EAST,507,184,323,329,128,201,374,162,212,188,79,109,223,101,122,139,61,78
SAMBURU NORTH,184,79,105,110,52,58,179,85,94,112,57,55,122,54,68,85,42,43
TRANS NZOIA,6609,2916,3693,2727,1273,1454,6166,2574,3591,3639,1596,2043,2272,1169,1103,2522,1399,1123
TRANS NZOIA WEST,1305,594,711,539,260,279,1073,470,603,568,234,334,393,208,185,395,225,170
TRANS NZOIA EAST,1429,613,816,603,282,321,1425,574,851,830,372,458,509,265,244,487,277,210
KWANZA,1151,502,649,538,260,278,1160,493,666,716,333,383,454,245,209,570,315,255
ENDEBESS,916,421,495,413,190,223,837,353,484,417,185,232,287,145,142,383,232,151
KIMININI,1808,786,1022,634,281,353,1671,684,987,1108,472,636,629,306,323,687,350,337
UASIN GISHU,5644,2500,3143,2330,1134,1196,5666,2364,3302,2923,1315,1608,2312,1076,1236,1994,1085,909
AINABKOI,502,231,271,234,117,117,609,250,359,303,137,166,291,129,162,205,103,102
KAPSERET,1194,532,662,409,213,196,978,419,559,497,231,266,357,167,190,349,201,148
KESSES,511,243,268,258,122,136,671,285,386,360,167,193,300,134,166,231,129,102
MOIBEN,668,295,373,322,154,168,745,335,410,376,181,195,391,187,204,298,155,143
SOY,1307,569,737,551,254,297,1292,521,771,753,316,437,537,249,288,456,251,205
TURBO,1462,630,832,556,274,282,1371,554,817,634,283,351,436,210,226,455,246,209
ELGEYO/MARAKWET,1459,663,796,934,469,465,2050,974,1076,973,445,528,980,486,494,655,372,283
KEIYO NORTH,417,190,227,230,113,117,486,236,250,235,111,124,237,118,119,153,86,67
KEIYO SOUTH,480,214,266,301,146,155,705,311,394,345,147,198,298,133,165,185,94,91
MARAKWET EAST,233,102,131,167,92,75,326,166,160,149,67,82,163,81,82,116,69,47
MARAKWET WEST,329,157,172,236,118,118,533,261,272,244,120,124,282,154,128,201,123,78
NANDI,4655,2052,2603,2362,1158,1204,6221,2553,3667,2994,1383,1610,2197,1090,1107,1947,1095,852
CHESUMEI,591,242,349,294,153,141,809,354,455,374,189,185,318,145,173,300,181,119
NANDI CENTRAL,841,375,466,357,179,178,1108,460,648,604,262,342,376,182,194,373,216,157
NANDI EAST,538,260,278,269,142,127,615,293,321,285,139,145,281,142,139,209,124,85
NANDI NORTH,1011,415,596,514,240,274,1284,482,802,566,268,298,494,249,245,383,205,178
NANDI SOUTH,961,441,520,520,254,266,1392,551,841,662,293,369,414,200,214,410,214,196
TINDERET,713,319,394,408,190,218,1013,413,600,503,232,271,314,172,142,272,155,117
BARINGO,2757,1214,1543,1690,794,896,3805,1732,2073,1854,851,1003,1799,863,936,1217,639,577
BARINGO CENTRAL,413,179,234,296,147,149,711,306,405,333,156,177,321,152,169,212,120,92
BARINGO NORTH,511,219,292,311,133,178,769,355,414,349,153,196,358,170,188,224,105,119
EAST POKOT,187,75,112,114,47,67,162,73,89,109,46,63,108,54,54,75,36,39
KOIBATEK,505,233,272,223,116,107,779,357,422,352,163,189,316,151,165,241,133,108
MARIGAT,458,201,257,281,128,153,512,238,274,185,92,93,182,98,84,125,71,54
MOGOTIO,395,175,220,247,119,128,552,239,313,249,104,145,258,113,145,182,89,92
TIATY EAST,288,132,156,218,104,114,320,164,156,277,137,140,256,125,131,158,85,73
LAIKIPIA,2762,1139,1623,1139,533,606,3663,1394,2269,2076,960,1116,1434,709,725,1112,635,477
LAIKIPIA CENTRAL,837,325,512,271,122,149,1071,375,696,611,280,331,367,190,177,265,166,99
LAIKIPIA EAST,428,172,256,165,72,93,515,203,312,297,133,164,218,106,112,204,107,97
LAIKIPIA NORTH,95,44,51,82,44,38,70,38,32,39,25,14,47,18,29,39,21,18
LAIKIPIA WEST,507,211,296,257,125,132,724,306,418,418,215,203,291,145,146,217,126,91
NYAHURURU,895,387,508,364,170,194,1283,472,811,711,307,404,511,250,261,387,215,172
NAKURU,12425,5064,7359,4256,1997,2258,14270,5474,8795,6947,2994,3950,5110,2415,2695,4078,2288,1789
GILGIL,1385,554,831,456,195,261,1658,600,1058,837,337,500,520,234,286,426,229,197
KURESOI NORTH,808,358,450,303,145,157,870,328,542,531,221,310,349,160,189,287,151,135
KURESOI SOUTH,390,191,199,241,123,118,569,264,305,278,156,122,300,165,135,199,121,78
MOLO,1322,513,809,381,171,210,1429,519,910,675,271,403,455,207,248,355,205,150
NAIVASHA,2050,826,1222,662,303,359,2240,876,1364,1033,429,603,713,348,365,633,352,281
NAKURU EAST,1355,528,827,305,159,146,1184,439,744,496,228,268,413,191,222,367,214,153
NAKURU NORTH,1485,567,918,486,211,275,1809,674,1135,987,391,595,705,322,383,516,281,235
NAKURU WEST,695,306,389,207,105,102,636,300,336,232,108,124,247,131,116,238,137,101
NJORO,1229,508,721,514,230,284,1589,595,994,755,350,405,608,297,311,454,259,195
RONGAI,850,374,476,377,203,174,1217,496,721,559,242,317,461,201,260,364,203,161
SUBUKIA,856,339,517,324,152,172,1069,383,686,564,261,303,339,159,180,239,136,103
NAROK,2744,1254,1490,1822,878,944,3554,1585,1969,1543,729,814,1543,743,800,1338,756,582
NAROK EAST,418,185,233,174,85,89,490,192,298,160,72,88,140,63,77,131,78,53
NAROK NORTH,637,269,368,317,159,158,675,323,352,305,140,165,297,147,150,255,143,112
NAROK SOUTH,491,224,267,416,192,224,683,304,379,336,174,162,348,178,170,294,163,131
NAROK WEST,421,194,227,284,139,145,554,247,307,213,108,105,231,113,118,198,129,69
TRANS MARA EAST,213,108,105,214,91,123,401,161,240,202,94,108,198,95,103,175,98,77
TRANS MARA WEST,564,274,290,417,212,205,751,358,393,327,141,186,329,147,182,285,145,140
MAU FOREST,-,-,-,-,-,-,-,-,-,-,-,-,-,-,-,-,-,-
KAJIADO,4009,1702,2306,1706,806,900,3571,1549,2022,1764,818,946,1658,786,872,1663,905,758
ISINYA,616,292,324,181,81,100,427,203,224,192,73,119,205,88,117,214,110,104
KAJIADO CENTRAL,508,211,297,288,140,148,446,191,255,208,103,105,235,111,124,206,114,92
KAJIADO NORTH,1165,488,677,433,206,227,1060,450,610,555,265,290,494,243,251,495,277,218
KAJIADO WEST,680,264,415,310,142,168,635,252,383,290,132,158,267,128,139,213,120,93
LOITOKITOK,723,305,418,351,166,185,695,298,397,389,186,203,331,163,168,420,224,196
MASHUURU,317,142,175,143,71,72,308,155,153,130,59,71,126,53,73,115,60,55
KERICHO,2300,1053,1247,1433,705,728,3722,1596,2125,1861,882,979,1865,908,957,1467,836,631
BELGUT,292,121,171,218,107,111,589,230,359,264,124,140,297,138,159,225,123,102
BURETI,500,244,256,318,165,153,842,385,457,423,197,226,480,232,248,371,213,158
KERICHO EAST,463,213,250,225,117,108,714,309,405,352,163,189,318,151,167,249,143,106
KIPKELION,327,142,185,198,104,94,491,204,286,221,109,112,206,99,107,159,87,72
LONDIANI,399,194,205,235,95,140,605,252,353,343,156,187,301,146,155,241,140,101
SOIN SIGOWET,319,139,180,239,117,122,481,216,265,258,133,125,263,142,121,222,130,92
BOMET,2334,1070,1264,1610,799,811,3931,1645,2285,1962,1005,957,2007,1005,1002,1551,885,666
BOMET EAST,511,250,261,320,170,150,751,312,439,351,171,180,346,153,193,259,151,108
CHEPALUNGU,457,207,250,335,151,184,855,347,507,429,223,206,445,239,206,336,194,142
KONOIN,358,153,205,214,117,97,567,223,344,275,132,143,308,142,166,256,136,120
SOTIK,605,258,347,458,223,235,1049,464,585,521,294,227,512,277,235,400,232,168
BOMET CENTRAL,403,202,201,283,138,145,709,299,410,386,185,201,396,194,202,300,172,128
KAKAMEGA,17706,7274,10431,8507,3627,4879,19273,7355,11917,11357,4416,6940,5752,2686,3065,5826,3094,2732
BUTERE,1544,634,910,783,330,453,1763,702,1061,996,383,613,507,224,283,475,238,237
KAKAMEGA CENTRAL,1494,616,878,571,261,310,1561,617,944,866,330,536,502,241,261,514,281,233
KAKAMEGA EAST,1515,623,892,736,293,443,1764,662,1101,1131,397,734,556,234,321,503,252,251
KAKAMEGA NORTH,1824,806,1018,902,410,492,1977,817,1160,1014,447,567,543,288,255,629,346,283
KAKAMEGA SOUTH,842,344,498,434,181,253,1200,507,693,700,276,424,468,234,234,332,175,157
KHWISERO,2652,1012,1639,1180,461,719,3006,1007,1999,1750,638,1111,639,274,365,574,294,280
LIKUYANI,1390,549,841,538,222,315,1299,491,808,722,296,426,466,213,253,627,341,286
LUGARI,918,359,559,375,158,217,963,351,612,523,229,294,313,151,162,319,157,162
MATETE,412,172,240,243,112,131,435,196,239,255,114,141,147,75,72,168,88,80
MATUNGU,967,406,561,627,281,346,1093,434,659,665,262,403,425,199,226,455,235,220
MUMIAS EAST,1550,661,889,761,345,416,1637,577,1060,1041,384,657,411,194,217,434,271,163
MUMIAS WEST,730,291,439,439,165,274,847,325,522,496,191,305,284,127,157,316,156,160
NAVAKHOLO,1868,801,1067,918,408,510,1728,669,1059,1198,469,729,491,232,259,480,260,220
VIHIGA,6933,2782,4151,3187,1311,1876,9630,3519,6111,5139,1933,3206,2599,1166,1433,2045,1120,925
EMUHAYA,1353,533,820,695,287,408,1876,700,1176,1165,427,738,492,229,263,389,206,183
VIHIGA,1190,476,714,500,220,280,1768,623,1145,848,288,560,454,186,268,356,193,163
SABATIA,1150,465,685,512,209,303,1692,612,1080,853,332,521,563,248,315,401,219,182
LUANDA,1497,617,880,680,286,394,1919,738,1181,1026,425,601,439,222,217,412,256,156
HAMISI,1743,691,1052,800,309,491,2375,846,1529,1247,461,786,651,281,370,487,246,241
KAKAMEGA FOREST,-,-,-,-,-,-,-,-,-,-,-,-,-,-,-,-,-,-
BUNGOMA,10585,4592,5993,5457,2491,2966,10582,4393,6189,6203,2652,3549,3575,1759,1816,3784,2120,1664
BUMULA,1524,699,825,877,387,490,1593,626,967,964,387,577,517,256,261,531,295,236
BUNGOMA CENTRAL,1471,629,842,709,325,384,1322,528,794,911,361,549,380,175,205,444,265,179
BUNGOMA EAST,685,288,397,368,177,191,665,296,369,385,181,204,232,127,105,214,133,81
BUNGOMA NORTH,739,303,436,342,166,176,692,281,411,448,184,264,264,123,141,273,148,125
BUNGOMA SOUTH,1415,595,820,682,303,379,1442,607,835,726,348,378,457,239,218,610,347,263
CHEPTAIS,502,243,259,292,150,142,577,265,312,315,137,177,242,123,119,196,108,88
KIMILILI,1154,520,634,590,267,323,1109,472,637,626,269,357,388,189,199,394,198,196
MT. ELGON,358,164,194,204,101,103,432,207,225,220,101,119,166,97,69,176,98,78
BUNGOMA WEST,967,407,560,529,241,288,943,382,561,531,237,294,321,156,165,343,187,156
TONGAREN,635,267,368,313,130,183,745,276,469,456,177,279,244,104,140,242,125,117
WEBUYE WEST,1130,475,655,547,241,306,1051,448,603,617,268,349,361,169,192,357,214,143
MT. ELGON FOREST,5,2,3,4,3,1,11,5,6,4,2,2,3,1,2,4,2,2
BUSIA,7290,3031,4259,3806,1609,2197,8463,3157,5306,4716,1886,2830,2608,1200,1408,2506,1338,1168
BUNYALA,1211,481,730,485,194,291,1383,472,911,723,251,472,322,142,180,266,151,115
BUSIA,1001,394,607,444,174,270,998,371,627,501,216,285,331,146,185,341,190,151
BUTULA,1070,417,653,623,274,349,1437,509,928,688,262,426,491,207,284,402,199,203
NAMBALE,831,369,462,434,188,246,876,342,534,522,226,296,272,140,132,257,145,112
SAMIA,1322,528,794,733,281,452,1704,568,1136,1007,361,646,496,212,284,441,209,232
TESO NORTH,652,305,347,409,182,227,763,351,412,460,214,246,288,148,140,329,187,142
TESO SOUTH,1203,537,666,678,316,362,1302,544,758,815,356,459,408,205,203,470,257,213
SIAYA,14005,5281,8724,6861,2734,4127,14749,4903,9846,7945,2950,4995,4025,1722,2303,3336,1775,1561
SIAYA,3225,1199,2026,1534,607,927,3603,1123,2480,1870,697,1173,923,386,537,834,436,398
GEM,2612,966,1646,1389,557,832,2913,978,1935,1685,612,1073,761,336,425,625,325,300
UGENYA,1680,658,1022,910,357,553,2180,727,1453,1087,434,653,629,284,345,487,272,215
UGUNJA,1020,381,639,527,205,322,1258,422,836,619,237,382,350,160,190,299,157,142
BONDO,3095,1211,1884,1385,570,815,2612,938,1674,1426,527,899,703,289,414,548,299,249
RARIEDA,2373,866,1507,1116,438,678,2183,715,1468,1258,443,815,659,267,392,543,286,257
KISUMU,17606,6874,10732,7291,3004,4287,16196,5730,10466,8190,3151,5039,4288,1840,2448,3409,1813,1596
KISUMU EAST,2768,1139,1629,952,432,520,2187,828,1359,1072,423,649,561,263,298,490,268,222
KISUMU CENTRAL,1421,606,815,413,181,232,894,344,550,362,172,190,292,131,161,267,147,120
KISUMU WEST,3113,1213,1900,1239,523,716,2815,996,1819,1435,566,869,734,322,412,564,306,258
SEME,2437,897,1540,1242,474,768,2572,817,1755,1365,467,898,634,253,381,468,228,240
MUHORONI,1966,787,1179,953,411,542,2019,761,1258,926,412,514,572,256,316,468,277,191
NYANDO,2791,1054,1737,1149,455,694,2663,941,1722,1578,574,1004,671,279,392,572,294,278
NYAKACH,3110,1178,1932,1343,528,815,3046,1043,2003,1452,537,915,824,336,488,580,293,287
HOMA BAY,16852,6547,10305,8388,3522,4865,17523,6009,11514,10329,3682,6647,4783,2014,2769,3708,1933,1775
HOMA BAY,1329,526,803,665,307,358,1232,453,779,710,259,451,329,134,195,317,165,152
NDHIWA,3138,1204,1934,1810,779,1030,3388,1193,2195,2304,792,1512,992,404,588,776,380,396
RACHUONYO NORTH,3677,1374,2303,1493,582,911,3651,1234,2417,1964,671,1293,955,387,568,700,362,338
RACHUONYO EAST,1699,664,1035,900,382,518,1987,672,1315,1150,459,691,555,238,317,427,232,195
RACHUONYO SOUTH,1546,595,951,769,302,467,1501,522,979,997,366,631,517,236,281,354,190,164
RANGWE,1628,602,1026,870,335,535,1729,575,1154,1041,320,721,490,182,308,358,180,178
SUBA NORTH,2233,932,1301,1041,482,559,2027,672,1355,1198,440,758,486,214,272,418,229,189
SUBA SOUTH,1602,650,952,840,353,487,2008,688,1320,965,375,590,459,219,240,358,195,163
MIGORI,11141,4648,6492,6065,2613,3452,11064,4154,6909,6372,2476,3896,3519,1482,2036,3177,1627,1550
AWENDO,1614,648,966,799,350,449,1583,598,985,902,329,573,413,160,253,352,202,150
KURIA EAST,721,320,401,360,179,181,736,286,450,400,184,216,227,105,122,222,121,101
KURIA WEST,1183,558,625,682,340,342,1257,560,697,692,300,392,461,226,235,499,274,225
NYATIKE,2421,937,1484,1301,500,801,2209,769,1439,1426,486,940,683,249,433,632,294,338
RONGO,1480,585,895,720,305,415,1392,519,873,791,321,470,452,201,251,369,188,181
SUNA EAST,1001,457,544,585,272,313,1067,412,655,544,207,337,320,143,177,310,166,144
SUNA WEST,866,361,504,539,237,302,979,362,617,508,216,292,331,129,202,290,134,156
URIRI,1855,782,1073,1079,430,649,1841,648,1193,1109,433,676,632,269,363,503,248,255
KISII,13580,5711,7869,5663,2397,3265,16175,5968,10206,9636,3510,6125,5815,2622,3192,3975,2104,1870
ETAGO,729,342,387,345,163,182,854,315,539,488,182,306,342,155,187,253,131,122
GUCHA,874,366,508,369,145,223,949,357,591,621,216,404,382,160,221,255,120,134
GUCHA SOUTH,1073,443,630,462,189,273,1148,398,750,722,244,478,377,168,209,295,159,136
KENYENYA,1413,598,815,636,281,355,1781,686,1095,1197,415,782,615,264,351,385,200,185
KISII CENTRAL,1567,685,882,540,239,301,2022,738,1284,1047,377,670,653,317,336,470,243,227
KISII SOUTH,1046,441,605,511,203,308,1300,548,752,825,332,493,519,255,264,409,220,189
KITUTU CENTRAL,1705,712,993,679,285,394,1811,669,1142,1016,417,599,670,297,373,474,238,236
MARANI,1695,688,1007,639,265,374,1869,632,1237,1143,410,733,636,283,353,426,236,190
MASABA SOUTH,1514,605,909,609,248,361,2027,705,1322,1057,357,700,725,315,410,394,206,188
NYAMACHE,1336,572,764,619,266,353,1612,610,1002,1061,397,664,610,278,332,408,233,175
SAMETA,628,259,369,254,113,141,802,310,492,459,163,296,286,130,156,206,118,88
NYAMIRA,6554,2767,3787,2593,1150,1443,8296,3112,5184,4288,1649,2639,2755,1224,1531,1853,968,885
BORABU,638,279,359,252,111,141,773,278,495,387,157,230,280,117,163,207,103,104
MANGA,985,384,601,431,192,239,1478,551,927,767,289,478,503,216,287,311,158,153
MASABA NORTH,1257,518,739,503,218,285,1663,607,1056,946,343,603,525,229,296,346,174,172
NYAMIRA NORTH,2037,893,1144,707,317,390,2262,884,1378,1084,444,640,676,316,360,467,265,202
NYAMIRA SOUTH,1637,693,944,700,312,388,2120,792,1328,1104,416,688,771,346,425,522,268,254
NAIROBI,18790,7951,10837,5343,2628,2714,14551,6204,8345,6712,3110,3598,5500,2689,2809,5450,3067,2381
DAGORETTI,2074,858,1216,596,313,283,1720,676,1044,835,401,434,552,274,278,501,293,208
EMBAKASI,3431,1461,1969,919,448,471,2084,937,1147,1034,487,547,885,462,423,1030,592,438
KAMUKUNJI,1245,519,725,364,170,194,1058,455,603,542,230,312,411,193,218,395,204,191
KASARANI,3015,1227,1788,818,389,429,2194,997,1196,1047,482,563,919,434,483,911,509,401
KIBRA,987,434,553,290,146,144,713,289,423,363,157,206,243,126,117,295,169,126
LANG'ATA,698,344,354,240,120,120,776,359,417,326,153,172,316,148,168,293,163,129
MAKADARA,826,377,449,234,112,122,720,297,423,273,132,141,273,127,146,255,129,126
MATHARE,1242,524,718,320,149,171,882,357,525,385,171,214,227,120,107,245,136,109
NJIRU,3040,1218,1822,775,379,395,2201,919,1282,1008,456,551,837,385,452,761,426,335
STAREHE,835,341,494,260,139,121,783,343,440,308,154,154,297,157,140,298,176,122
WESTLANDS,1397,648,749,527,263,264,1420,575,845,591,287,304,540,263,277,466,270,196
